C gene	Exons	Start motif	Stop codon motif
TRAC*01	EX1+EX2+EX3+EX4UTR	IQNPDPAVYQ	*GLQDCKTACA
TRAC*02	EX1+EX2+EX3+EX4UTR	IQNPDPAVYQ	*GLQDCKTACA
TRBC1*01	EX1+EX2+EX3+EX4	DLKKVFPPKV	
TRBC1*02	EX1+EX2+EX3+EX4	DLKKVFPPKV	
TRBC2*01	EX1+EX2+EX3+EX4	DLKKVFPPKV	
TRBC2*02	EX1+EX2+EX3+EX4	DLKKVFPPKV	*TGRGAQWGQH
TRBC2*03	EX1+EX2+EX3+EX4	DLKKVFPPKV	
TRGC1*01	EX1+EX2+EX3	KHLDADVSPK	
TRGC2*01	EX1+EX2+EX3	KHLDADVSPK	
TRGC2*01_TR	EX1+EX2T+EX2R+EX2+EX3	KHLDADVSPK	
TRDC*01	EX1+EX2+EX3+EX4UTR	RQPHTKPSVF	*G*LA*GSYTP
TRDC*02	EX1+EX2+EX3+EX4UTR	RQPHTKPSVF	*G*LA*GSYTP
TRDC*03	EX1+EX2+EX3+EX4UTR	RQPHTKPSVF	*G*LA*GSYTP
