J gene	Residue	Confident?	Motif	Position
TRAJ1*01	F	Y	FGKG	-11
TRAJ10*01	F	Y	FGTG	-11
TRAJ11*01	F	Y	FGKG	-11
TRAJ12*01	F	Y	FGSG	-11
TRAJ12*02	F	Y	FGSG	-11
TRAJ13*01	F	Y	FGNG	-11
TRAJ14*01	F	N	FISG	-13
TRAJ15*01	F	Y	FVKG	-11
TRAJ15*02	F	Y	FGKG	-11
TRAJ16*01	F	Y	FGRG	-11
TRAJ17*01	F	Y	FGGG	-11
TRAJ18*01	F	Y	FGRG	-11
TRAJ19*01	F	Y	FGKS	-11
TRAJ19*02	F	Y	FGKS	-11
TRAJ2*01	F	Y	FGKG	-11
TRAJ2*02	F	Y	FGKG	-11
TRAJ20*01	F	Y	FGAR	-11
TRAJ20*02	F	Y	FGAG	-11
TRAJ21*01	F	Y	FGSG	-11
TRAJ22*01	F	Y	FGSG	-11
TRAJ22*02	F	Y	FGSG	-11
TRAJ23*01	F	Y	FGQG	-11
TRAJ24*01	F	Y	FGAG	-11
TRAJ25*01	F	Y	FGKG	-11
TRAJ26*01	F	Y	FGPG	-11
TRAJ26*02	F	Y	FGPG	-11
TRAJ27*01	F	Y	FGDG	-11
TRAJ28*01	F	Y	FGKG	-11
TRAJ29*01	F	Y	FGKG	-11
TRAJ3*01	F	Y	FGSG	-11
TRAJ30*01	F	Y	FGKG	-11
TRAJ31*01	F	Y	FGDG	-11
TRAJ32*01	F	Y	FGTG	-11
TRAJ32*02	F	Y	FGTG	-11
TRAJ33*01	W	Y	WGAG	-11
TRAJ34*01	F	Y	FGTG	-11
TRAJ34*02	F	Y	FGTG	-11
TRAJ35*01	F	Y	FGSG	-11
TRAJ35*02	F	Y	FGSG	-11
TRAJ36*01	F	Y	FGTG	-11
TRAJ37*01	F	Y	FGQG	-11
TRAJ38*01	W	Y	WGLG	-11
TRAJ39*01	F	Y	FGGG	-11
TRAJ4*01	F	Y	FGGG	-11
TRAJ40*01	F	Y	FGTG	-11
TRAJ41*01	F	Y	FGKG	-11
TRAJ42*01	F	Y	FGKG	-11
TRAJ42*02	F	Y	FGKG	-11
TRAJ43*01	F	Y	FGAG	-11
TRAJ44*01	F	Y	FGTG	-11
TRAJ44*02	F	Y	FGTG	-11
TRAJ45*01	F	Y	FGKG	-11
TRAJ45*02	F	Y	FGKG	-11
TRAJ46*01	F	Y	FGTG	-11
TRAJ47*01	F	Y	FGTG	-11
TRAJ48*01	F	Y	FGTG	-11
TRAJ49*01	F	Y	FGKG	-11
TRAJ49*02	F	Y	FGTG	-11
TRAJ5*01	F	Y	FGSG	-11
TRAJ50*01	F	Y	FGRG	-11
TRAJ51*01	F	Y	FGKE	-11
TRAJ52*01	F	Y	FGQG	-11
TRAJ52*02	F	Y	FGQG	-11
TRAJ53*01	F	Y	FGKG	-11
TRAJ54*01	F	Y	FGQG	-11
TRAJ55*01	W	Y	WGKG	-11
TRAJ56*01	F	Y	FGKG	-11
TRAJ57*01	F	Y	FGKG	-11
TRAJ58*01	F	Y	FGEG	-11
TRAJ59*01	I	0	IWNG	-11
TRAJ6*01	F	Y	FGRG	-11
TRAJ60*01	F	Y	FGKG	-11
TRAJ60*02	F	Y	FGKG	-11
TRAJ61*01	F	Y	FGAS	-11
TRAJ7*01	F	Y	FGKG	-11
TRAJ8*01	F	Y	FGTG	-11
TRAJ9*01	F	Y	FGAG	-11
TRBJ1-1*01	F	Y	FGQG	-10
TRBJ1-1*02	F	Y	FGQG	-10
TRBJ1-2*01	F	Y	FGSG	-10
TRBJ1-3*01	F	Y	FGEG	-10
TRBJ1-4*01	F	Y	FGSG	-10
TRBJ1-5*01	F	Y	FGDG	-10
TRBJ1-6*01	F	Y	FGNG	-10
TRBJ1-6*02	F	Y	FGNG	-10
TRBJ1-6*03	F	Y	FGNG	-10
TRBJ2-1*01	F	Y	FGPG	-10
TRBJ2-1*02	F	Y	FGPG	-10
TRBJ2-2*01	F	Y	FGEG	-10
TRBJ2-2P*01	L	N	LGRG	-8
TRBJ2-2P*02	L	N	LGRG	-8
TRBJ2-3*01	F	Y	FGPG	-10
TRBJ2-4*01	F	Y	FGAG	-10
TRBJ2-5*01	F	Y	FGPG	-10
TRBJ2-6*01	F	Y	FGAG	-10
TRBJ2-7*01	F	Y	FGPG	-10
TRGJ1-1*01	F	Y	FAEG	-12
TRGJ1-2*01	F	Y	FGPG	-10
TRGJ2-1*01	F	Y	FAEG	-12
TRGJ2-2*01	F	Y	FGP*	-10
TRGJ2-3*01	F	Y	FGSG	-10
TRDJ1*01	F	Y	FGKG	-11
TRDJ2*01	F	Y	FGKG	-11
TRDJ3*01	F	Y	FGTG	-11
TRDJ3*02	F	Y	FGTG	-11
TRDJ4*01	F	Y	FGKG	-11
