J gene	Residue	Confident?	Motif	Position
TRAJ1*01	V	0	VC	-11
TRAJ11*01	F	Y	FGKG	-11
TRAJ12*01	F	Y	FGSG	-11
TRAJ13*01	F	Y	FGTG	-11
TRAJ14*01	F	N	FIWG	-7
TRAJ15*01	F	Y	FGTG	-11
TRAJ16*01	F	Y	FGQG	-11
TRAJ17*01	F	Y	FGIG	-11
TRAJ18*01	F	Y	FGAG	-11
TRAJ19*01	F	N	FSSG	-13
TRAJ2*01	F	Y	FGEG	-11
TRAJ2*02	F	Y	FGEG	-11
TRAJ20*01	L	0	LSQ*	-11
TRAJ21*01	F	Y	FGSG	-11
TRAJ21*02	F	Y	FGSG	-11
TRAJ22*01	F	Y	FGSG	-11
TRAJ23*01	F	Y	FGQG	-11
TRAJ24*01	F	Y	FGTG	-11
TRAJ25*01	F	Y	FGTW	-11
TRAJ26*01	F	Y	FGLG	-11
TRAJ27*01	F	Y	FGDG	-11
TRAJ28*01	F	Y	FGKG	-11
TRAJ29*01	L	0	LGRE	-11
TRAJ3*01	F	Y	FGAE	-11
TRAJ30*01	F	Y	FGKG	-11
TRAJ31*01	F	Y	FGDG	-11
TRAJ31*02	F	Y	FGDG	-11
TRAJ32*01	F	Y	FGIG	-11
TRAJ32*02	F	Y	FGTG	-11
TRAJ33*01	W	Y	WGSG	-11
TRAJ34*01	F	Y	FGTG	-11
TRAJ34*02	F	Y	FGTG	-11
TRAJ35*01	F	N	FGSG	-12
TRAJ35*02	F	Y	FGSG	-11
TRAJ36*01	S	0	SGTR	-11
TRAJ37*01	F	Y	FGLG	-11
TRAJ38*01	W	Y	WGLG	-11
TRAJ39*01	F	Y	FGGG	-11
TRAJ4*01	L	0	LWSR	-11
TRAJ4*02	F	Y	FGAG	-11
TRAJ40*01	F	Y	FGAG	-11
TRAJ41*01	V	0	VGRS	-11
TRAJ42*01	F	Y	FGKG	-11
TRAJ42*02	F	Y	FGKG	-11
TRAJ43*01	F	Y	FGAG	-11
TRAJ43*02	F	Y	FGAG	-11
TRAJ44*01	L	Y	LGAG	-11
TRAJ45*01	F	Y	FGKG	-11
TRAJ46*01	L	Y	LGMG	-11
TRAJ47*01	C	Y	CGLG	-11
TRAJ48*01	F	Y	FGAG	-11
TRAJ49*01	G	0	GKGT	-11
TRAJ5*01	F	Y	FGRG	-11
TRAJ50*01	F	Y	FGQG	-11
TRAJ51*01	D	0	DSVA	-11
TRAJ52*01	F	Y	FGHG	-11
TRAJ53*01	F	Y	FGKG	-11
TRAJ54*01	F	N	FGQG	-8
TRAJ55*01	L	Y	LGGG	-11
TRAJ56*01	F	Y	FGQG	-11
TRAJ57*01	F	Y	FGEG	-11
TRAJ58*01	F	Y	FGKG	-11
TRAJ59*01	L	0	LQLE	-11
TRAJ6*01	F	Y	FGKG	-11
TRAJ60*01	Y	0	YFR*	-11
TRAJ61*01	E	0	EP*L	-11
TRAJ7*01	L	Y	LGKG	-11
TRAJ8*01	P	0	PWDM	-11
TRAJ9*01	F	Y	FGTG	-11
TRAJ9*02	F	Y	FGTG	-11
TRBJ1-1*01	F	Y	FGKG	-10
TRBJ1-1*02	F	Y	FGKG	-10
TRBJ1-2*01	F	Y	FGSG	-10
TRBJ1-3*01	F	Y	FGEG	-10
TRBJ1-4*01	F	Y	FGHG	-10
TRBJ1-4*02	F	Y	FGHG	-10
TRBJ1-5*01	F	Y	FGEG	-10
TRBJ1-5*02	F	Y	FGEG	-10
TRBJ1-5*03	F	Y	FGEG	-10
TRBJ1-6*01	F	Y	FAAG	-10
TRBJ1-7*01	H	0	HGLG	-10
TRBJ2-1*01	F	Y	FGPG	-10
TRBJ2-2*01	F	Y	FGEG	-10
TRBJ2-3*01	F	Y	FGSG	-10
TRBJ2-4*01	F	Y	FGAG	-10
TRBJ2-5*01	F	Y	FGPG	-10
TRBJ2-6*01	D	0	DWQP	-10
TRBJ2-7*01	F	Y	FGPG	-10
TRBJ2-7*02	F	Y	FGPG	-10
TRGJ1*01	F	Y	FAEG	-12
TRGJ2*01	F	Y	FAEG	-12
TRGJ3*01	F	Y	FAEG	-12
TRGJ4*01	F	Y	FAKG	-12
TRDJ1*01	F	Y	FGQG	-11
TRDJ2*01	F	Y	FGTG	-11
TRDJ2*02	F	Y	FGTG	-11
