"","V1","V2","V3","V4","V5","V6","V7","V8","V9","V10","V8","V9","V10","V11","V12","V13","V14","V15","V16","V17","V18","V19","V20","V21","V22","V23","V24","V25","V26","V27","V28","V29","V30","V31","V32","V33","V34","V35","V36","V37","V38","V39","V40","V41","V42","V43","V44","V45","V46","V47","V48","V49","V50","V51","V52","V53","V54","V55","V56","V57","V58","V59","V60","V61","V62","V63","V64","V65","V66","V67","V68","V69","V70","V71","V72","V73","V74","V75","V76","V77","V78","V79","V80","V81","V82","V83","V84","V85","V86","V87","V88","V89","V90","V91","V92","V93","V94","V95","V96","V97","V98","V99","V100","V101","V102","V103"
"CAALIQGAQKLVFCASTYHGTGYF","CAALIQGAQKLVFCASTYHGTGYF",1,"TRAV22*01","TRBV6-6*01","TRAJ54*01","TRBJ1-3*01","HomoSapiens","GELIGILNAAKVPAD","",1,"",1,0.4399661,0.11501684,-0.86755866,0.5287291,0.12120605,-0.71827006,0.26936978,-0.9836338,-1.8124617,0.5285651,-0.75390875,0.5856292,0.7319304,-0.7826473,-0.1087535,-0.62759113,-1.288731,0.18037693,-0.73664397,-1.150458,-1.1842482,1.0710157,0.08734771,-0.1267047,1.3800315,-0.22380914,-0.41907522,-0.63416004,-0.5161899,-0.441835,-0.3001817,-0.29394922,0.83126444,-0.8984983,0.13957086,-0.32411095,0.31899768,-0.513559,-0.06286577,-0.41831395,-0.20723654,0.6456388,0.11818733,0.07444224,-0.54788655,0.9616712,0.12559159,-0.40596855,-0.8328257,-0.3301343,-1.4233047,0.04788184,-0.68469334,-0.8482983,0.9494485,1.1323528,0.19173747,0.7224457,0.7103145,-0.66532546,0.0756162,0.47156098,-0.6213233,-0.6158922,-0.97161937,-0.15559053,-0.13188355,1.1080726,-0.10310872,-0.4614755,0.79165965,0.15083206,-0.22056757,-0.15896761,-0.875011,0.4815343,-1.1814688,0.7529503,-1.5954283,0.7477342,0.9066519,0.04803102,0.23927718,-0.36304617,-0.09595809,-0.41367018,-0.3102365,-0.43024352,0.24606065,-0.4541408,-0.20653771,0.64593136,-0.17127247,-1.1061689
"CAALIQGAQKLVFCASTYHGTGYF.1","CAALIQGAQKLVFCASTYHGTGYF",1,"TRAV22*01","TRBV6-6*01","TRAJ54*01","TRBJ1-3*01","HomoSapiens","GELIGTLNAAKVPAD","",1,"",1,0.4399661,0.11501684,-0.86755866,0.5287291,0.12120605,-0.71827006,0.26936978,-0.9836338,-1.8124617,0.5285651,-0.75390875,0.5856292,0.7319304,-0.7826473,-0.1087535,-0.62759113,-1.288731,0.18037693,-0.73664397,-1.150458,-1.1842482,1.0710157,0.08734771,-0.1267047,1.3800315,-0.22380914,-0.41907522,-0.63416004,-0.5161899,-0.441835,-0.3001817,-0.29394922,0.83126444,-0.8984983,0.13957086,-0.32411095,0.31899768,-0.513559,-0.06286577,-0.41831395,-0.20723654,0.6456388,0.11818733,0.07444224,-0.54788655,0.9616712,0.12559159,-0.40596855,-0.8328257,-0.3301343,-1.4233047,0.04788184,-0.68469334,-0.8482983,0.9494485,1.1323528,0.19173747,0.7224457,0.7103145,-0.66532546,0.0756162,0.47156098,-0.6213233,-0.6158922,-0.97161937,-0.15559053,-0.13188355,1.1080726,-0.10310872,-0.4614755,0.79165965,0.15083206,-0.22056757,-0.15896761,-0.875011,0.4815343,-1.1814688,0.7529503,-1.5954283,0.7477342,0.9066519,0.04803102,0.23927718,-0.36304617,-0.09595809,-0.41367018,-0.3102365,-0.43024352,0.24606065,-0.4541408,-0.20653771,0.64593136,-0.17127247,-1.1061689
"CAAYTGNQFYFCASSLQVWNEQFF","CAAYTGNQFYFCASSLQVWNEQFF",2,"TRAV29/DV5*01","TRBV27*01","TRAJ49*01","TRBJ2-1*01","HomoSapiens","NLVPMVATV","0.00%",1,"0.00%",1,0.5889234,0.1464111,-0.05464614,-0.84196794,0.6519082,0.18707858,0.23807871,-1.012702,0.44297412,0.22100902,0.21547404,-0.20055483,-0.6194006,-0.14422993,0.46671206,-0.23266652,-1.2407115,-0.6108243,0.11989816,-0.18958306,0.11482905,0.60658544,0.38364878,-0.28379324,0.18392994,0.10009615,-0.20365869,-0.3933297,0.43819076,0.10155789,0.3598826,-0.07486149,-0.2752556,0.52168536,0.59149885,-0.575617,-0.01156228,-0.06506086,-0.19298597,-0.43278277,0.73914033,0.60563225,0.6531337,0.04797658,-0.44747284,0.6990585,-0.5028649,0.45963833,0.18100068,0.10074328,0.89948875,0.58427566,1.1098645,-0.34612253,-0.6399973,0.22444253,0.918225,0.6925032,-1.0960009,-0.38277704,-0.82624537,0.7781476,0.03473736,1.5066512,-0.45403296,-0.23555031,0.04196949,-0.88406795,0.07092633,0.12322154,-0.20316897,-0.02625312,0.21552336,-1.7677011,-0.80698925,1.0928303,0.21222135,-2.1415813,-0.5322848,-0.52404034,0.16494583,0.43140092,-1.7295235,0.5139375,-0.40753785,-0.9303716,0.9694494,0.57529414,0.10884145,0.87308913,0.39927873,-0.25200745,0.10843083,-0.30136773
"CAAYTGNQFYFCASSLQVWNEQFF.1","CAAYTGNQFYFCASSLQVWNEQFF",2,"TRAV29/DV5*01","TRBV27*01","TRAJ49*01","TRBJ2-1*01","HomoSapiens","NLVPMVATV","0.00%",1,"0.00%",1,0.5889234,0.1464111,-0.05464614,-0.84196794,0.6519082,0.18707858,0.23807871,-1.012702,0.44297412,0.22100902,0.21547404,-0.20055483,-0.6194006,-0.14422993,0.46671206,-0.23266652,-1.2407115,-0.6108243,0.11989816,-0.18958306,0.11482905,0.60658544,0.38364878,-0.28379324,0.18392994,0.10009615,-0.20365869,-0.3933297,0.43819076,0.10155789,0.3598826,-0.07486149,-0.2752556,0.52168536,0.59149885,-0.575617,-0.01156228,-0.06506086,-0.19298597,-0.43278277,0.73914033,0.60563225,0.6531337,0.04797658,-0.44747284,0.6990585,-0.5028649,0.45963833,0.18100068,0.10074328,0.89948875,0.58427566,1.1098645,-0.34612253,-0.6399973,0.22444253,0.918225,0.6925032,-1.0960009,-0.38277704,-0.82624537,0.7781476,0.03473736,1.5066512,-0.45403296,-0.23555031,0.04196949,-0.88406795,0.07092633,0.12322154,-0.20316897,-0.02625312,0.21552336,-1.7677011,-0.80698925,1.0928303,0.21222135,-2.1415813,-0.5322848,-0.52404034,0.16494583,0.43140092,-1.7295235,0.5139375,-0.40753785,-0.9303716,0.9694494,0.57529414,0.10884145,0.87308913,0.39927873,-0.25200745,0.10843083,-0.30136773
"CALGGNNRLAFCAIDRVGTGELFF","CALGGNNRLAFCAIDRVGTGELFF",3,"TRAV6*01","TRBV30*01","TRAJ7*01","TRBJ2-2*01","HomoSapiens","NLVPMVATV","0.00%",1,"0.00%",1,-0.19959971,0.29640085,-1.0903724,-0.3398351,-1.1605016,0.02569097,0.9107171,-0.55017984,0.3270114,0.4889046,0.40335357,-0.32818913,-0.43530822,-0.6883531,-1.0383373,-0.85063887,-0.32593325,-0.8773535,-0.25403288,0.4591488,-0.00024119,0.10785531,0.06750032,-0.21805151,-0.18744525,1.2322366,-0.08690965,-0.00259887,-0.03102339,1.4214181,0.3678097,-0.05680708,0.4359944,-0.08392621,-0.35439333,0.58984786,0.3298768,0.39624387,-1.2368522,-0.29634354,-0.2371591,-0.10531793,0.6273234,-0.14383924,0.6187711,0.6755106,-0.9993658,1.0616083,0.15911159,0.20923162,-0.30778208,0.10597474,-1.0039405,0.26257533,-0.1116457,0.8597353,-0.24608132,0.85080916,-0.7458557,-0.57017064,-0.9174381,-0.6977474,-0.46405354,-0.20057346,-0.5073405,-0.46314096,-0.9202954,0.1306858,-1.4931775,0.1584583,0.11609725,0.94090647,-0.7924287,0.60423046,-0.06279504,0.0648427,-1.0087361,-0.02301381,-1.5884738,-0.1454474,-0.9426423,0.32784477,-1.2410088,0.7709846,0.22212797,0.00201181,0.58598506,1.2763368,1.0327514,0.97116256,-0.32848537,-1.0930244,0.1463216,0.28867945
"CALGGNNRLAFCAIDRVGTGELFF.1","CALGGNNRLAFCAIDRVGTGELFF",3,"TRAV6*01","TRBV30*01","TRAJ7*01","TRBJ2-2*01","HomoSapiens","NLVPMVATV","0.00%",1,"0.00%",1,-0.19959971,0.29640085,-1.0903724,-0.3398351,-1.1605016,0.02569097,0.9107171,-0.55017984,0.3270114,0.4889046,0.40335357,-0.32818913,-0.43530822,-0.6883531,-1.0383373,-0.85063887,-0.32593325,-0.8773535,-0.25403288,0.4591488,-0.00024119,0.10785531,0.06750032,-0.21805151,-0.18744525,1.2322366,-0.08690965,-0.00259887,-0.03102339,1.4214181,0.3678097,-0.05680708,0.4359944,-0.08392621,-0.35439333,0.58984786,0.3298768,0.39624387,-1.2368522,-0.29634354,-0.2371591,-0.10531793,0.6273234,-0.14383924,0.6187711,0.6755106,-0.9993658,1.0616083,0.15911159,0.20923162,-0.30778208,0.10597474,-1.0039405,0.26257533,-0.1116457,0.8597353,-0.24608132,0.85080916,-0.7458557,-0.57017064,-0.9174381,-0.6977474,-0.46405354,-0.20057346,-0.5073405,-0.46314096,-0.9202954,0.1306858,-1.4931775,0.1584583,0.11609725,0.94090647,-0.7924287,0.60423046,-0.06279504,0.0648427,-1.0087361,-0.02301381,-1.5884738,-0.1454474,-0.9426423,0.32784477,-1.2410088,0.7709846,0.22212797,0.00201181,0.58598506,1.2763368,1.0327514,0.97116256,-0.32848537,-1.0930244,0.1463216,0.28867945
"CALPYGNKLVFCASTPTGAYEQYF","CALPYGNKLVFCASTPTGAYEQYF",4,"TRAV38-1*01","TRBV12-4*01","TRAJ47*01","TRBJ2-7*01","HomoSapiens","ALDPHSGHFV","",1,"",1,-0.660032,-0.23359686,-0.602451,-1.1844177,-0.04488824,0.66402274,0.8119826,-0.85246795,0.38229465,-0.36230975,0.38139495,0.5883836,-0.16750354,-0.70616055,0.46391076,-1.0402526,-1.046743,-0.9491856,0.12379754,0.35676473,-1.2216161,-0.41602266,-0.27994555,0.223122,-0.4117952,0.9030131,0.56718314,-0.28270844,0.30703673,1.3310659,-0.2535949,-0.36363822,0.65850234,-0.10763736,-0.304028,0.22670951,0.3957371,0.08826461,-0.26110765,-0.6205704,-0.6518914,0.77229846,-0.04779767,0.7261002,0.3048975,0.6971703,-0.5854109,0.19127233,-0.9937508,-0.2170128,0.9592707,0.27952084,0.153509,-0.17807333,0.31848598,-0.01031735,0.4014462,-0.9470447,-0.31020737,1.1093792,-0.95335853,0.47564408,-0.18102416,0.28106326,3.3013296,-0.1930602,1.1091329,-0.80980265,-0.32558736,-1.2175118,0.95738244,0.5959593,-0.21635938,0.01022848,-0.31613204,-0.28250653,0.61276937,1.0226989,0.30482006,-0.00500913,-0.85092956,-0.23301338,-1.9547428,0.12618609,-0.32682353,-0.17483883,1.4557024,1.6544818,1.2042434,0.8310404,-0.27856582,-1.276826,-0.5573239,0.14809026
"CALPYGNKLVFCASTPTGAYEQYF.1","CALPYGNKLVFCASTPTGAYEQYF",4,"TRAV38-1*01","TRBV12-4*01","TRAJ47*01","TRBJ2-7*01","HomoSapiens","ALDPHSGHFV","",1,"",1,-0.660032,-0.23359686,-0.602451,-1.1844177,-0.04488824,0.66402274,0.8119826,-0.85246795,0.38229465,-0.36230975,0.38139495,0.5883836,-0.16750354,-0.70616055,0.46391076,-1.0402526,-1.046743,-0.9491856,0.12379754,0.35676473,-1.2216161,-0.41602266,-0.27994555,0.223122,-0.4117952,0.9030131,0.56718314,-0.28270844,0.30703673,1.3310659,-0.2535949,-0.36363822,0.65850234,-0.10763736,-0.304028,0.22670951,0.3957371,0.08826461,-0.26110765,-0.6205704,-0.6518914,0.77229846,-0.04779767,0.7261002,0.3048975,0.6971703,-0.5854109,0.19127233,-0.9937508,-0.2170128,0.9592707,0.27952084,0.153509,-0.17807333,0.31848598,-0.01031735,0.4014462,-0.9470447,-0.31020737,1.1093792,-0.95335853,0.47564408,-0.18102416,0.28106326,3.3013296,-0.1930602,1.1091329,-0.80980265,-0.32558736,-1.2175118,0.95738244,0.5959593,-0.21635938,0.01022848,-0.31613204,-0.28250653,0.61276937,1.0226989,0.30482006,-0.00500913,-0.85092956,-0.23301338,-1.9547428,0.12618609,-0.32682353,-0.17483883,1.4557024,1.6544818,1.2042434,0.8310404,-0.27856582,-1.276826,-0.5573239,0.14809026
"CATVGTASKLTFCASSLWLNEQFF","CATVGTASKLTFCASSLWLNEQFF",5,"TRAV17*01","TRBV7-2*01","TRAJ44*01","TRBJ2-1*01","HomoSapiens","NLVPMVATV","0.37%",1,"0.37%",1,-0.08325075,-0.68136245,-1.4798888,0.2841037,0.07506266,0.10209399,0.95637244,-0.12330983,-0.47232673,0.63229835,-0.8160231,0.18720567,-0.40287685,0.17239761,-1.021893,-0.22271521,-0.66375214,0.32959396,-1.4039885,0.439331,-0.4183078,-1.3506684,0.4623495,0.32682067,-1.2771419,0.15403497,0.9201619,0.31978127,1.0403483,-0.31339952,-0.5628831,-0.44147363,-0.06852722,0.19700694,1.5755986,0.70303774,0.30278954,-0.22428326,-0.47281453,-0.08940467,0.47384426,0.22274975,0.13691974,0.5984925,-0.88426363,1.8815051,-0.5013779,1.0772015,-0.86638045,-0.53609097,0.3235891,0.64443266,-0.11619576,-0.5750184,-0.1461677,0.28072098,0.09700235,1.0303841,-0.26229802,-0.03211924,-0.3800876,1.420776,-0.27861223,0.6469456,1.1272497,0.42542705,-0.12064741,0.6748693,0.3949748,-1.5295275,-0.20953882,-0.73362404,-0.8796615,0.35271257,-0.6119422,0.88017625,-0.453567,-0.4156817,-1.3024063,0.4965986,-0.6524261,-0.15206176,-0.6344452,-1.3281587,0.7622933,0.98079085,1.3955027,-1.4633387,0.2174766,-0.24402706,0.27833512,0.0394817,-0.04208882,-0.7311095
"CATVGTASKLTFCASSLWLNEQFF.1","CATVGTASKLTFCASSLWLNEQFF",5,"TRAV17*01","TRBV7-2*01","TRAJ44*01","TRBJ2-1*01","HomoSapiens","NLVPMVATV","0.37%",1,"0.37%",1,-0.08325075,-0.68136245,-1.4798888,0.2841037,0.07506266,0.10209399,0.95637244,-0.12330983,-0.47232673,0.63229835,-0.8160231,0.18720567,-0.40287685,0.17239761,-1.021893,-0.22271521,-0.66375214,0.32959396,-1.4039885,0.439331,-0.4183078,-1.3506684,0.4623495,0.32682067,-1.2771419,0.15403497,0.9201619,0.31978127,1.0403483,-0.31339952,-0.5628831,-0.44147363,-0.06852722,0.19700694,1.5755986,0.70303774,0.30278954,-0.22428326,-0.47281453,-0.08940467,0.47384426,0.22274975,0.13691974,0.5984925,-0.88426363,1.8815051,-0.5013779,1.0772015,-0.86638045,-0.53609097,0.3235891,0.64443266,-0.11619576,-0.5750184,-0.1461677,0.28072098,0.09700235,1.0303841,-0.26229802,-0.03211924,-0.3800876,1.420776,-0.27861223,0.6469456,1.1272497,0.42542705,-0.12064741,0.6748693,0.3949748,-1.5295275,-0.20953882,-0.73362404,-0.8796615,0.35271257,-0.6119422,0.88017625,-0.453567,-0.4156817,-1.3024063,0.4965986,-0.6524261,-0.15206176,-0.6344452,-1.3281587,0.7622933,0.98079085,1.3955027,-1.4633387,0.2174766,-0.24402706,0.27833512,0.0394817,-0.04208882,-0.7311095
"CATVGTASKLTFCASSLWLNEQFF.2","CATVGTASKLTFCASSLWLNEQFF",5,"TRAV17*01","TRBV7-2*01","TRAJ44*01","TRBJ2-1*01","HomoSapiens","NLVPMVATV","0.47%",1,"0.37%",1,-0.08325075,-0.68136245,-1.4798888,0.2841037,0.07506266,0.10209399,0.95637244,-0.12330983,-0.47232673,0.63229835,-0.8160231,0.18720567,-0.40287685,0.17239761,-1.021893,-0.22271521,-0.66375214,0.32959396,-1.4039885,0.439331,-0.4183078,-1.3506684,0.4623495,0.32682067,-1.2771419,0.15403497,0.9201619,0.31978127,1.0403483,-0.31339952,-0.5628831,-0.44147363,-0.06852722,0.19700694,1.5755986,0.70303774,0.30278954,-0.22428326,-0.47281453,-0.08940467,0.47384426,0.22274975,0.13691974,0.5984925,-0.88426363,1.8815051,-0.5013779,1.0772015,-0.86638045,-0.53609097,0.3235891,0.64443266,-0.11619576,-0.5750184,-0.1461677,0.28072098,0.09700235,1.0303841,-0.26229802,-0.03211924,-0.3800876,1.420776,-0.27861223,0.6469456,1.1272497,0.42542705,-0.12064741,0.6748693,0.3949748,-1.5295275,-0.20953882,-0.73362404,-0.8796615,0.35271257,-0.6119422,0.88017625,-0.453567,-0.4156817,-1.3024063,0.4965986,-0.6524261,-0.15206176,-0.6344452,-1.3281587,0.7622933,0.98079085,1.3955027,-1.4633387,0.2174766,-0.24402706,0.27833512,0.0394817,-0.04208882,-0.7311095
"CAVTYNNNDMRFCAAGTRTDTQYF","CAVTYNNNDMRFCAAGTRTDTQYF",6,"TRAV20*01","TRBV2*01","TRAJ43*01","TRBJ2-3*01","HomoSapiens","NLVPMVATV","0.00%",1,"0.00%",1,0.19133782,-0.45273107,-0.20697156,-0.59548193,-0.01518481,0.9657384,-0.00963053,0.33858356,0.05393501,0.14537688,-0.15208416,0.97279716,-1.118686,-0.20996785,0.44733503,-0.30528718,-0.20372872,0.302556,-1.087401,0.79506445,1.0856332,-0.1475697,0.4271771,0.3130344,0.24459545,1.1917913,0.00630221,-0.20141426,0.44120157,0.70250237,1.0019367,0.46553585,0.28218505,-1.4397892,-0.86452454,0.20156847,0.24845219,0.08940241,-0.19733486,-0.47898212,-0.38937697,0.43512678,0.9729185,-0.16472983,-0.12591527,1.672992,0.0196917,-0.08850697,-0.54844123,-0.85364234,-0.3043982,0.82228714,-0.06610148,0.41583455,-0.9082442,0.10617539,0.22728704,0.3546202,0.5882114,-0.8725383,0.28285024,1.3997583,-0.04614521,0.8135289,0.83150613,-0.9650549,-0.0428643,0.20507279,1.147606,-0.21387354,0.50407916,0.34938526,0.25344,0.55162346,-0.5874388,-0.5844698,-0.8751742,0.0172939,-0.1454119,-0.57604814,-0.68005514,0.92149895,0.13084298,-0.0900134,-0.52609164,1.2869681,-0.4996697,0.22539745,0.5602665,0.5614401,0.22827746,-0.44828907,-0.78717387,-0.38454363
"CAVTYNNNDMRFCAAGTRTDTQYF.1","CAVTYNNNDMRFCAAGTRTDTQYF",6,"TRAV20*01","TRBV2*01","TRAJ43*01","TRBJ2-3*01","HomoSapiens","NLVPMVATV","0.00%",1,"0.00%",1,0.19133782,-0.45273107,-0.20697156,-0.59548193,-0.01518481,0.9657384,-0.00963053,0.33858356,0.05393501,0.14537688,-0.15208416,0.97279716,-1.118686,-0.20996785,0.44733503,-0.30528718,-0.20372872,0.302556,-1.087401,0.79506445,1.0856332,-0.1475697,0.4271771,0.3130344,0.24459545,1.1917913,0.00630221,-0.20141426,0.44120157,0.70250237,1.0019367,0.46553585,0.28218505,-1.4397892,-0.86452454,0.20156847,0.24845219,0.08940241,-0.19733486,-0.47898212,-0.38937697,0.43512678,0.9729185,-0.16472983,-0.12591527,1.672992,0.0196917,-0.08850697,-0.54844123,-0.85364234,-0.3043982,0.82228714,-0.06610148,0.41583455,-0.9082442,0.10617539,0.22728704,0.3546202,0.5882114,-0.8725383,0.28285024,1.3997583,-0.04614521,0.8135289,0.83150613,-0.9650549,-0.0428643,0.20507279,1.147606,-0.21387354,0.50407916,0.34938526,0.25344,0.55162346,-0.5874388,-0.5844698,-0.8751742,0.0172939,-0.1454119,-0.57604814,-0.68005514,0.92149895,0.13084298,-0.0900134,-0.52609164,1.2869681,-0.4996697,0.22539745,0.5602665,0.5614401,0.22827746,-0.44828907,-0.78717387,-0.38454363
"CVVNRNNDMRFCAGQVTNTGELFF","CVVNRNNDMRFCAGQVTNTGELFF",7,"TRAV12-1*01","TRBV19*01","TRAJ43*01","TRBJ2-2*01","HomoSapiens","YLQPRTFLL","",1,"",1,0.15057114,0.3353521,-0.42928335,-0.7107321,-0.21153799,0.96053594,0.21123968,-0.35976005,-0.05639749,0.6419467,0.6129846,0.25951943,-1.1959394,-0.11130989,0.47790724,-0.1841047,-0.32593325,-0.8773535,-0.25403288,0.4591488,-0.00024119,0.10785531,0.06750032,-0.21805151,-0.18744525,1.2322366,-0.08690965,-0.00259887,-0.03102339,1.4214181,0.3678097,-0.05680708,1.1647583,0.07255956,1.5303264,0.16740721,0.95638466,-0.32946995,-1.0886861,0.2669188,0.26712844,0.14430131,0.29955176,-0.37401497,0.09188308,-0.05293471,-0.06061348,0.0552767,-0.47483236,-1.3173796,-1.5495704,0.2557929,-0.25718316,0.9124434,0.46772692,1.0064492,1.4112849,0.32309273,-0.35074943,-1.6678405,-1.0537354,0.9356984,-1.4942882,0.47320223,0.39871836,0.8592524,-0.51278025,1.24154,-0.6670705,0.25323567,-0.7336192,0.0057029,-1.0468167,0.8949961,-0.4237504,0.6619624,-0.272276,-0.65535337,-0.71062607,0.74344367,-1.034355,0.8887029,-0.5272747,1.4157832,0.7710795,0.17886245,-0.28373227,0.8981919,0.86125946,1.1112847,-0.3784049,-0.9092227,0.84996706,0.42926863
"CVVNRNNDMRFCAGQVTNTGELFF.1","CVVNRNNDMRFCAGQVTNTGELFF",7,"TRAV12-1*01","TRBV19*01","TRAJ43*01","TRBJ2-2*01","HomoSapiens","YLQPRTFLL","1/12",1,"",1,0.15057114,0.3353521,-0.42928335,-0.7107321,-0.21153799,0.96053594,0.21123968,-0.35976005,-0.05639749,0.6419467,0.6129846,0.25951943,-1.1959394,-0.11130989,0.47790724,-0.1841047,-0.32593325,-0.8773535,-0.25403288,0.4591488,-0.00024119,0.10785531,0.06750032,-0.21805151,-0.18744525,1.2322366,-0.08690965,-0.00259887,-0.03102339,1.4214181,0.3678097,-0.05680708,1.1647583,0.07255956,1.5303264,0.16740721,0.95638466,-0.32946995,-1.0886861,0.2669188,0.26712844,0.14430131,0.29955176,-0.37401497,0.09188308,-0.05293471,-0.06061348,0.0552767,-0.47483236,-1.3173796,-1.5495704,0.2557929,-0.25718316,0.9124434,0.46772692,1.0064492,1.4112849,0.32309273,-0.35074943,-1.6678405,-1.0537354,0.9356984,-1.4942882,0.47320223,0.39871836,0.8592524,-0.51278025,1.24154,-0.6670705,0.25323567,-0.7336192,0.0057029,-1.0468167,0.8949961,-0.4237504,0.6619624,-0.272276,-0.65535337,-0.71062607,0.74344367,-1.034355,0.8887029,-0.5272747,1.4157832,0.7710795,0.17886245,-0.28373227,0.8981919,0.86125946,1.1112847,-0.3784049,-0.9092227,0.84996706,0.42926863
"CAVPNSGNTPLVFCASSIIYEQYF","CAVPNSGNTPLVFCASSIIYEQYF",8,"TRAV41*01","TRBV2*01","TRAJ29*01","TRBJ2-7*01","HomoSapiens","PGVLLKEFTVSGNIL","",1,"",1,-0.71541065,0.22075821,-0.18853281,1.114186,0.5080596,-0.40392905,-0.1270129,-0.00268225,-0.3593711,0.5705681,-1.041331,0.34148696,-0.04829558,0.3123448,-0.6664597,1.2556343,-0.69225824,0.42836583,-0.7032615,-0.48296112,-1.033644,-0.03914032,0.70996743,-0.33131617,0.08227833,0.34312254,-0.21237661,-0.9545842,0.03374432,-1.19394,-0.44747782,-0.9355388,0.5075326,-0.8644865,0.2080939,-0.2430439,-0.22851826,-0.08282471,-0.28026244,-0.33716723,-0.19551794,1.2321144,0.7312353,0.35249403,-0.02689454,1.8056016,-0.19756344,-0.4174164,-1.1261128,0.4875501,-0.6814758,0.29007354,0.39352188,0.03439237,0.1598055,0.85816354,0.7807887,-0.05863178,-0.00738701,-0.04324318,0.785001,-0.5924089,0.69108033,0.21082424,2.4839206,-0.54150075,1.6151433,-0.9881904,0.50267756,-1.2944343,1.0711594,1.210617,0.3753342,-0.01304397,-0.8345774,-0.44523537,-0.1071696,1.8853377,0.40381035,0.8912805,0.7463207,0.4609654,-0.08403369,0.7103152,-0.34184837,-1.6543063,0.05654781,-0.7585168,-1.1545367,0.9371721,-0.46129996,0.5958207,0.0838888,-0.44778684
"CAVPNSGNTPLVFCASSVIYEQYF","CAVPNSGNTPLVFCASSVIYEQYF",8,"TRAV41*01","TRBV2*01","TRAJ29*01","TRBJ2-7*01","HomoSapiens","PGVLLKEFTVSGNIL","",1,"",1,-0.71541065,0.22075821,-0.18853281,1.114186,0.5080596,-0.40392905,-0.1270129,-0.00268225,-0.3593711,0.5705681,-1.041331,0.34148696,-0.04829558,0.3123448,-0.6664597,1.2556343,-0.69225824,0.42836583,-0.7032615,-0.48296112,-1.033644,-0.03914032,0.70996743,-0.33131617,0.08227833,0.34312254,-0.21237661,-0.9545842,0.03374432,-1.19394,-0.44747782,-0.9355388,0.5075326,-0.8644865,0.2080939,-0.2430439,-0.22851826,-0.08282471,-0.28026244,-0.33716723,-0.19551794,1.2321144,0.7312353,0.35249403,-0.02689454,1.8056016,-0.19756344,-0.4174164,-1.1261128,0.4875501,-0.6814758,0.29007354,0.39352188,0.03439237,0.1598055,0.85816354,0.7807887,-0.05863178,-0.00738701,-0.04324318,0.785001,-0.5924089,0.69108033,0.21082424,2.4839206,-0.54150075,1.6151433,-0.9881904,0.50267756,-1.2944343,1.0711594,1.210617,0.3753342,-0.01304397,-0.8345774,-0.44523537,-0.1071696,1.8853377,0.40381035,0.8912805,1.2389792,0.3290004,-0.47114456,0.8534412,-0.4687061,-1.589475,0.25729752,-0.9773804,-0.9098037,1.0829542,0.15443023,1.2222158,-0.38516372,0.05780012
"CAEDNNARLMFCSARVGVGNTIYF","CAEDNNARLMFCSARVGVGNTIYF",9,"TRAV5*01","TRBV20-1*01","TRAJ31*01","TRBJ1-3*01","HomoSapiens","GLCTLVAML","24/32",24,"24/32",24,-1.3071878,0.19284467,-0.6018576,-0.08278801,-0.5308358,0.95807433,0.52725273,0.15086289,1.2509214,0.586978,-0.3244105,-1.169206,-0.39741746,-0.09830596,-0.35876203,0.24393398,-0.77466774,-1.0969491,-0.39014497,-0.00036587,-0.66514724,-0.751869,0.7235496,0.65886587,0.2684943,0.89026195,-0.21237849,-0.2159209,-1.0837331,1.2801869,-1.2804675,-0.12765127,0.5438819,0.04729185,-0.74718827,0.2768783,0.07980682,0.43098772,-0.07055001,-0.04877526,-1.1629816,0.6067605,-0.26333514,0.90812266,-0.79263324,-0.11384004,-0.2510607,0.251282,-0.43771416,-0.12341043,0.32505998,0.4278436,-0.8590022,0.58633053,-0.8006142,0.8197855,-0.08994417,0.9860699,0.13099074,-0.173292,-0.7156598,0.72135746,0.07094986,0.54462916,1.0826055,-0.02026351,-0.363018,1.3390492,0.17898445,-1.0372274,-0.6448376,-0.6874921,-1.5760814,0.0587981,0.6724637,-0.29200983,1.052479,-1.0897111,-0.08358446,-0.85599947,0.0732331,0.9922591,-1.0157895,1.158736,0.14141364,-0.75352097,0.09973208,0.19714922,-0.06265052,1.0132114,0.34935918,-0.06820579,0.8120763,-0.16077857
"CAEDNNARLMFCSARVGVGNTIYF.1","CAEDNNARLMFCSARVGVGNTIYF",9,"TRAV5*01","TRBV20-1*01","TRAJ31*01","TRBJ1-3*01","HomoSapiens","GLCTLVAML","",1,"24/32",24,-1.3071878,0.19284467,-0.6018576,-0.08278801,-0.5308358,0.95807433,0.52725273,0.15086289,1.2509214,0.586978,-0.3244105,-1.169206,-0.39741746,-0.09830596,-0.35876203,0.24393398,-0.77466774,-1.0969491,-0.39014497,-0.00036587,-0.66514724,-0.751869,0.7235496,0.65886587,0.2684943,0.89026195,-0.21237849,-0.2159209,-1.0837331,1.2801869,-1.2804675,-0.12765127,0.5438819,0.04729185,-0.74718827,0.2768783,0.07980682,0.43098772,-0.07055001,-0.04877526,-1.1629816,0.6067605,-0.26333514,0.90812266,-0.79263324,-0.11384004,-0.2510607,0.251282,-0.43771416,-0.12341043,0.32505998,0.4278436,-0.8590022,0.58633053,-0.8006142,0.8197855,-0.08994417,0.9860699,0.13099074,-0.173292,-0.7156598,0.72135746,0.07094986,0.54462916,1.0826055,-0.02026351,-0.363018,1.3390492,0.17898445,-1.0372274,-0.6448376,-0.6874921,-1.5760814,0.0587981,0.6724637,-0.29200983,1.052479,-1.0897111,-0.08358446,-0.85599947,0.0732331,0.9922591,-1.0157895,1.158736,0.14141364,-0.75352097,0.09973208,0.19714922,-0.06265052,1.0132114,0.34935918,-0.06820579,0.8120763,-0.16077857
"CADYYGQNFVFCASSFQGFTEAFF","CADYYGQNFVFCASSFQGFTEAFF",10,"TRAV3*01","TRBV28*01","TRAJ26*01","TRBJ1-1*01","HomoSapiens","NLVPMVATV","27.4%",1,"27.4%",1,-0.33346063,0.33140522,0.35127905,-1.3469589,-0.04020304,0.36904064,-0.02929288,-0.46757287,0.97916734,-1.029414,0.20178482,-0.04238375,-0.27560118,-1.4391412,0.15585572,-0.48737812,-0.13188633,0.07457895,0.32318428,-0.94435203,-0.56946677,-0.33679938,-0.10936716,-0.5715285,0.21862417,-0.10821444,0.86956686,-0.4806644,-0.2813405,-0.23458213,-0.15469255,-0.5394977,-0.2752556,0.52168536,0.59149885,-0.575617,-0.01156228,-0.06506086,-0.19298597,-0.43278277,0.73914033,0.60563225,0.6531337,0.04797658,-0.44747284,0.6990585,-0.5028649,0.45963833,-0.1455707,-0.4642588,-0.05424132,0.7468167,1.1051792,-0.05114042,0.20127818,-0.16045254,0.3213523,1.3596076,-0.91639084,0.24799033,-0.7181477,1.5111282,0.3427924,0.9537767,-0.695379,-0.07961537,-0.5503389,-0.9428589,-1.698587,-0.3640394,0.51237684,-0.9419738,-0.34255436,-0.32279098,1.2597796,0.76992226,0.2821483,-1.0647923,-0.5512223,-1.7569579,-0.85092956,-0.23301338,-1.9547428,0.12618609,-0.32682353,-0.17483883,1.4557024,1.6544818,1.2042434,0.8310404,-0.27856582,-1.276826,-0.5573239,0.14809026
"CAGYYGQNFVFCASSFQGYTEAFF","CAGYYGQNFVFCASSFQGYTEAFF",10,"TRAV3*01","TRBV28*01","TRAJ26*01","TRBJ1-1*01","HomoSapiens","NLVPMVATV","0.00%",1,"0.00%",1,-0.33346063,0.33140522,0.35127905,-1.3469589,-0.04020304,0.36904064,-0.02929288,-0.46757287,0.97916734,-1.029414,0.20178482,-0.04238375,-0.27560118,-1.4391412,0.15585572,-0.48737812,-0.09111964,-0.7135042,0.54549605,-0.82910186,-0.3731136,-0.33159688,-0.33023736,0.12681516,0.3289567,-0.60478425,0.10449811,0.23261333,-0.2040871,-0.3332401,-0.18526477,-0.6606802,-0.2752556,0.52168536,0.59149885,-0.575617,-0.01156228,-0.06506086,-0.19298597,-0.43278277,0.73914033,0.60563225,0.6531337,0.04797658,-0.44747284,0.6990585,-0.5028649,0.45963833,-0.1455707,-0.4642588,-0.05424132,0.7468167,1.1051792,-0.05114042,0.20127818,-0.16045254,0.3213523,1.3596076,-0.91639084,0.24799033,-0.7181477,1.5111282,0.3427924,0.9537767,-0.695379,-0.07961537,-0.5503389,-0.9428589,-1.698587,-0.3640394,0.51237684,-0.9419738,-0.34255436,-0.32279098,1.2597796,0.76992226,0.2821483,-1.0647923,-0.5512223,-1.7569579,-0.85092956,-0.23301338,-1.9547428,0.12618609,-0.32682353,-0.17483883,1.4557024,1.6544818,1.2042434,0.8310404,-0.27856582,-1.276826,-0.5573239,0.14809026
"CAGYYGQNFVFCASSFQGYTEAFF.1","CAGYYGQNFVFCASSFQGYTEAFF",10,"TRAV3*01","TRBV28*01","TRAJ26*01","TRBJ1-1*01","HomoSapiens","NLVPMVATV","0.00%",1,"0.00%",1,-0.33346063,0.33140522,0.35127905,-1.3469589,-0.04020304,0.36904064,-0.02929288,-0.46757287,0.97916734,-1.029414,0.20178482,-0.04238375,-0.27560118,-1.4391412,0.15585572,-0.48737812,-0.09111964,-0.7135042,0.54549605,-0.82910186,-0.3731136,-0.33159688,-0.33023736,0.12681516,0.3289567,-0.60478425,0.10449811,0.23261333,-0.2040871,-0.3332401,-0.18526477,-0.6606802,-0.2752556,0.52168536,0.59149885,-0.575617,-0.01156228,-0.06506086,-0.19298597,-0.43278277,0.73914033,0.60563225,0.6531337,0.04797658,-0.44747284,0.6990585,-0.5028649,0.45963833,-0.1455707,-0.4642588,-0.05424132,0.7468167,1.1051792,-0.05114042,0.20127818,-0.16045254,0.3213523,1.3596076,-0.91639084,0.24799033,-0.7181477,1.5111282,0.3427924,0.9537767,-0.695379,-0.07961537,-0.5503389,-0.9428589,-1.698587,-0.3640394,0.51237684,-0.9419738,-0.34255436,-0.32279098,1.2597796,0.76992226,0.2821483,-1.0647923,-0.5512223,-1.7569579,-0.85092956,-0.23301338,-1.9547428,0.12618609,-0.32682353,-0.17483883,1.4557024,1.6544818,1.2042434,0.8310404,-0.27856582,-1.276826,-0.5573239,0.14809026
"CAGYYGQNFVFCASSFQGYTEAFF.2","CAGYYGQNFVFCASSFQGYTEAFF",10,"TRAV3*01","TRBV28*01","TRAJ26*01","TRBJ1-1*01","HomoSapiens","NLVPMVATV","0.01%",1,"0.00%",1,-0.33346063,0.33140522,0.35127905,-1.3469589,-0.04020304,0.36904064,-0.02929288,-0.46757287,0.97916734,-1.029414,0.20178482,-0.04238375,-0.27560118,-1.4391412,0.15585572,-0.48737812,-0.09111964,-0.7135042,0.54549605,-0.82910186,-0.3731136,-0.33159688,-0.33023736,0.12681516,0.3289567,-0.60478425,0.10449811,0.23261333,-0.2040871,-0.3332401,-0.18526477,-0.6606802,-0.2752556,0.52168536,0.59149885,-0.575617,-0.01156228,-0.06506086,-0.19298597,-0.43278277,0.73914033,0.60563225,0.6531337,0.04797658,-0.44747284,0.6990585,-0.5028649,0.45963833,-0.1455707,-0.4642588,-0.05424132,0.7468167,1.1051792,-0.05114042,0.20127818,-0.16045254,0.3213523,1.3596076,-0.91639084,0.24799033,-0.7181477,1.5111282,0.3427924,0.9537767,-0.695379,-0.07961537,-0.5503389,-0.9428589,-1.698587,-0.3640394,0.51237684,-0.9419738,-0.34255436,-0.32279098,1.2597796,0.76992226,0.2821483,-1.0647923,-0.5512223,-1.7569579,-0.85092956,-0.23301338,-1.9547428,0.12618609,-0.32682353,-0.17483883,1.4557024,1.6544818,1.2042434,0.8310404,-0.27856582,-1.276826,-0.5573239,0.14809026
"CAESIGKLIFCSVGAGGTNEKLFF","CAESIGKLIFCSVGAGGTNEKLFF",11,"TRAV5*01","TRBV29-1*01","TRAJ23*01","TRBJ1-4*01","HomoSapiens","GLCTLVAML","9/129",9,"9/129",9,-0.3277127,0.5633659,-1.3424127,0.37081152,-0.28068015,-0.9952029,0.7686997,0.79415774,-0.13589165,0.7273071,-0.21645147,-0.8784025,0.57748336,-0.8069547,-0.15447132,-0.5864979,-0.08458406,0.53258055,0.60746145,1.5836182,-0.29719833,0.0433192,-0.23882878,-0.58494663,-0.10977662,0.24614428,-0.16277991,0.40612844,-0.16845354,0.6346827,-0.03499502,0.54152113,-0.46742603,0.00656646,0.8122764,0.7173894,-1.0771619,-0.8718222,-0.07611499,-0.510067,-1.1955236,-0.14835463,0.26028982,0.20743231,0.2298936,0.3119773,0.00029682,-0.75224584,-0.08041121,-0.08234861,-0.45763573,0.20262969,-0.46776807,0.23784612,-0.10229969,0.34273198,0.13626458,0.5516697,-0.38258523,-0.16550992,0.01001751,0.28334743,-1.6531031,0.31871137,-1.1783477,0.16908792,-1.1159834,-0.17058213,-0.41746053,-0.30225307,1.0714883,-0.19254604,0.0447285,0.22391488,-0.3587971,-0.06898161,-0.744678,-0.42949635,-1.5969154,0.13017106,-0.05385797,-1.0251169,-0.7679754,0.1020182,0.55622774,-0.22799106,1.0709955,0.21769236,0.49284428,1.2194854,-0.8664713,0.06418868,-1.4217932,1.3705391
"CAESIGKLIFCSVGSGGTNEKLFF","CAESIGKLIFCSVGSGGTNEKLFF",11,"TRAV5*01","TRBV29-1*01","TRAJ23*01","TRBJ1-4*01","HomoSapiens","GLCTLVAML","8/129",8,"8/129",8,-0.3277127,0.5633659,-1.3424127,0.37081152,-0.28068015,-0.9952029,0.7686997,0.79415774,-0.13589165,0.7273071,-0.21645147,-0.8784025,0.57748336,-0.8069547,-0.15447132,-0.5864979,-0.08458406,0.53258055,0.60746145,1.5836182,-0.29719833,0.0433192,-0.23882878,-0.58494663,-0.10977662,0.24614428,-0.16277991,0.40612844,-0.16845354,0.6346827,-0.03499502,0.54152113,-0.28706348,0.41966113,1.0120679,1.0050573,0.02825848,-1.030818,0.05766287,-0.452468,-0.6867261,-0.02098362,-0.56919134,0.45802152,-0.45723072,0.40168747,-0.0247205,0.25833794,-0.08041121,-0.08234861,-0.45763573,0.20262969,-0.46776807,0.23784612,-0.10229969,0.34273198,0.13626458,0.5516697,-0.38258523,-0.16550992,0.01001751,0.28334743,-1.6531031,0.31871137,-1.1783477,0.16908792,-1.1159834,-0.17058213,-0.41746053,-0.30225307,1.0714883,-0.19254604,0.0447285,0.22391488,-0.3587971,-0.06898161,-0.744678,-0.42949635,-1.5969154,0.13017106,-0.05385797,-1.0251169,-0.7679754,0.1020182,0.55622774,-0.22799106,1.0709955,0.21769236,0.49284428,1.2194854,-0.8664713,0.06418868,-1.4217932,1.3705391
"CAESTGKLIFCSVGTGGTNEKLFF","CAESTGKLIFCSVGTGGTNEKLFF",12,"TRAV5*01","TRBV29-1*01","TRAJ37*01","TRBJ1-4*01","HomoSapiens","GLCTLVAML","6/27",6,"6/27",6,-0.112016,-0.25830212,-1.8011351,0.15026592,0.53668165,-0.32442033,1.2968944,0.6911793,0.41608742,1.0516691,0.05622175,-0.3852159,-0.2624439,0.5619132,8.136e-05,-0.30906102,-0.08458406,0.53258055,0.60746145,1.5836182,-0.29719833,0.0433192,-0.23882878,-0.58494663,-0.10977662,0.24614428,-0.16277991,0.40612844,-0.16845354,0.6346827,-0.03499502,0.54152113,0.2533837,0.07839862,0.434446,0.8197735,0.14421305,-0.34794423,0.2713309,-0.9512405,-0.9711737,0.18086883,-0.39380297,0.48754188,-0.10816652,0.4023295,0.6217014,-0.44541472,-0.08041121,-0.08234861,-0.45763573,0.20262969,-0.46776807,0.23784612,-0.10229969,0.34273198,0.13626458,0.5516697,-0.38258523,-0.16550992,0.01001751,0.28334743,-1.6531031,0.31871137,-1.1783477,0.16908792,-1.1159834,-0.17058213,-0.41746053,-0.30225307,1.0714883,-0.19254604,0.0447285,0.22391488,-0.3587971,-0.06898161,-0.744678,-0.42949635,-1.5969154,0.13017106,-0.05385797,-1.0251169,-0.7679754,0.1020182,0.55622774,-0.22799106,1.0709955,0.21769236,0.49284428,1.2194854,-0.8664713,0.06418868,-1.4217932,1.3705391
"CAESTGKLIFCSVGTGGTNEKLFF.1","CAESTGKLIFCSVGTGGTNEKLFF",12,"TRAV5*01","TRBV29-1*01","TRAJ37*01","TRBJ1-4*01","HomoSapiens","GLCTLVAML","2/11684",2,"6/27",6,-0.112016,-0.25830212,-1.8011351,0.15026592,0.53668165,-0.32442033,1.2968944,0.6911793,0.41608742,1.0516691,0.05622175,-0.3852159,-0.2624439,0.5619132,8.136e-05,-0.30906102,-0.08458406,0.53258055,0.60746145,1.5836182,-0.29719833,0.0433192,-0.23882878,-0.58494663,-0.10977662,0.24614428,-0.16277991,0.40612844,-0.16845354,0.6346827,-0.03499502,0.54152113,0.2533837,0.07839862,0.434446,0.8197735,0.14421305,-0.34794423,0.2713309,-0.9512405,-0.9711737,0.18086883,-0.39380297,0.48754188,-0.10816652,0.4023295,0.6217014,-0.44541472,-0.08041121,-0.08234861,-0.45763573,0.20262969,-0.46776807,0.23784612,-0.10229969,0.34273198,0.13626458,0.5516697,-0.38258523,-0.16550992,0.01001751,0.28334743,-1.6531031,0.31871137,-1.1783477,0.16908792,-1.1159834,-0.17058213,-0.41746053,-0.30225307,1.0714883,-0.19254604,0.0447285,0.22391488,-0.3587971,-0.06898161,-0.744678,-0.42949635,-1.5969154,0.13017106,-0.05385797,-1.0251169,-0.7679754,0.1020182,0.55622774,-0.22799106,1.0709955,0.21769236,0.49284428,1.2194854,-0.8664713,0.06418868,-1.4217932,1.3705391
"CAESTGKLIFCSVGTGGTNEKLFF.2","CAESTGKLIFCSVGTGGTNEKLFF",12,"TRAV5*01","TRBV29-1*01","TRAJ37*01","TRBJ1-4*01","HomoSapiens","GLCTLVAML","62/160",62,"6/27",6,-0.112016,-0.25830212,-1.8011351,0.15026592,0.53668165,-0.32442033,1.2968944,0.6911793,0.41608742,1.0516691,0.05622175,-0.3852159,-0.2624439,0.5619132,8.136e-05,-0.30906102,-0.08458406,0.53258055,0.60746145,1.5836182,-0.29719833,0.0433192,-0.23882878,-0.58494663,-0.10977662,0.24614428,-0.16277991,0.40612844,-0.16845354,0.6346827,-0.03499502,0.54152113,0.2533837,0.07839862,0.434446,0.8197735,0.14421305,-0.34794423,0.2713309,-0.9512405,-0.9711737,0.18086883,-0.39380297,0.48754188,-0.10816652,0.4023295,0.6217014,-0.44541472,-0.08041121,-0.08234861,-0.45763573,0.20262969,-0.46776807,0.23784612,-0.10229969,0.34273198,0.13626458,0.5516697,-0.38258523,-0.16550992,0.01001751,0.28334743,-1.6531031,0.31871137,-1.1783477,0.16908792,-1.1159834,-0.17058213,-0.41746053,-0.30225307,1.0714883,-0.19254604,0.0447285,0.22391488,-0.3587971,-0.06898161,-0.744678,-0.42949635,-1.5969154,0.13017106,-0.05385797,-1.0251169,-0.7679754,0.1020182,0.55622774,-0.22799106,1.0709955,0.21769236,0.49284428,1.2194854,-0.8664713,0.06418868,-1.4217932,1.3705391
"CAESTGKLIFCSVGTGGTNEKLFF.3","CAESTGKLIFCSVGTGGTNEKLFF",12,"TRAV5*01","TRBV29-1*01","TRAJ37*01","TRBJ1-4*01","HomoSapiens","GLCTLVAML","",1,"6/27",6,-0.112016,-0.25830212,-1.8011351,0.15026592,0.53668165,-0.32442033,1.2968944,0.6911793,0.41608742,1.0516691,0.05622175,-0.3852159,-0.2624439,0.5619132,8.136e-05,-0.30906102,-0.08458406,0.53258055,0.60746145,1.5836182,-0.29719833,0.0433192,-0.23882878,-0.58494663,-0.10977662,0.24614428,-0.16277991,0.40612844,-0.16845354,0.6346827,-0.03499502,0.54152113,0.2533837,0.07839862,0.434446,0.8197735,0.14421305,-0.34794423,0.2713309,-0.9512405,-0.9711737,0.18086883,-0.39380297,0.48754188,-0.10816652,0.4023295,0.6217014,-0.44541472,-0.08041121,-0.08234861,-0.45763573,0.20262969,-0.46776807,0.23784612,-0.10229969,0.34273198,0.13626458,0.5516697,-0.38258523,-0.16550992,0.01001751,0.28334743,-1.6531031,0.31871137,-1.1783477,0.16908792,-1.1159834,-0.17058213,-0.41746053,-0.30225307,1.0714883,-0.19254604,0.0447285,0.22391488,-0.3587971,-0.06898161,-0.744678,-0.42949635,-1.5969154,0.13017106,-0.05385797,-1.0251169,-0.7679754,0.1020182,0.55622774,-0.22799106,1.0709955,0.21769236,0.49284428,1.2194854,-0.8664713,0.06418868,-1.4217932,1.3705391
"CAEDDNARLMFCSARDRVGNGHTF","CAEDDNARLMFCSARDRVGNGHTF",13,"TRAV5*01","TRBV20-1*01","TRAJ31*01","TRBJ1-2*01","HomoSapiens","GLCTLVAML","1/18",1,"1/18",1,-0.07193685,0.35906324,-0.47964868,-0.34759372,-0.2773983,1.2685152,-0.76450485,-0.03553316,0.3583348,-0.23566969,1.2881056,-0.61042005,-0.8820658,-0.13296962,0.06395232,0.6862313,-0.77466774,-1.0969491,-0.39014497,-0.00036587,-0.66514724,-0.751869,0.7235496,0.65886587,0.2684943,0.89026195,-0.21237849,-0.2159209,-1.0837331,1.2801869,-1.2804675,-0.12765127,-0.19503166,0.0725806,-0.900796,0.25279847,-0.7836983,0.5805692,0.08825794,0.9145272,-0.37482566,0.38613173,-0.5981227,0.01651254,-1.0875132,-0.52766293,-1.3187529,0.37872103,-0.43771416,-0.12341043,0.32505998,0.4278436,-0.8590022,0.58633053,-0.8006142,0.8197855,-0.08994417,0.9860699,0.13099074,-0.173292,-0.7156598,0.72135746,0.07094986,0.54462916,-0.01333706,-0.9342443,-0.5183773,0.67101914,0.90673935,0.9868591,-1.9157568,-0.04276851,0.44364992,-1.20717,0.79782915,-0.9747336,0.4455437,0.5040152,0.39516896,0.8484631,0.0732331,0.9922591,-1.0157895,1.158736,0.14141364,-0.75352097,0.09973208,0.19714922,-0.06265052,1.0132114,0.34935918,-0.06820579,0.8120763,-0.16077857
"CAEDDNARLMFCSARDRVGNGYTF","CAEDDNARLMFCSARDRVGNGYTF",13,"TRAV5*01","TRBV20-1*01","TRAJ31*01","TRBJ1-2*01","HomoSapiens","GLCTLVAML","1/18",1,"1/18",1,-0.07193685,0.35906324,-0.47964868,-0.34759372,-0.2773983,1.2685152,-0.76450485,-0.03553316,0.3583348,-0.23566969,1.2881056,-0.61042005,-0.8820658,-0.13296962,0.06395232,0.6862313,-0.77466774,-1.0969491,-0.39014497,-0.00036587,-0.66514724,-0.751869,0.7235496,0.65886587,0.2684943,0.89026195,-0.21237849,-0.2159209,-1.0837331,1.2801869,-1.2804675,-0.12765127,-0.19503166,0.0725806,-0.900796,0.25279847,-0.7836983,0.5805692,0.08825794,0.9145272,-0.37482566,0.38613173,-0.5981227,0.01651254,-1.0875132,-0.52766293,-1.3187529,0.37872103,-0.43771416,-0.12341043,0.32505998,0.4278436,-0.8590022,0.58633053,-0.8006142,0.8197855,-0.08994417,0.9860699,0.13099074,-0.173292,-0.7156598,0.72135746,0.07094986,0.54462916,-0.12355169,-1.3229294,-0.5377921,0.61297953,1.1825942,0.72944766,-1.0323141,0.19477068,0.23406914,-1.5662993,1.2635118,-0.6438001,0.49935007,-0.17413327,0.09156917,0.2295988,0.0732331,0.9922591,-1.0157895,1.158736,0.14141364,-0.75352097,0.09973208,0.19714922,-0.06265052,1.0132114,0.34935918,-0.06820579,0.8120763,-0.16077857
"CAEDNNARLMFCSARDGTGNGYTF","CAEDNNARLMFCSARDGTGNGYTF",13,"TRAV5*01","TRBV20-1*01","TRAJ31*01","TRBJ1-2*01","HomoSapiens","GLCTLVAML","",1,"",1,-1.3071878,0.19284467,-0.6018576,-0.08278801,-0.5308358,0.95807433,0.52725273,0.15086289,1.2509214,0.586978,-0.3244105,-1.169206,-0.39741746,-0.09830596,-0.35876203,0.24393398,-0.77466774,-1.0969491,-0.39014497,-0.00036587,-0.66514724,-0.751869,0.7235496,0.65886587,0.2684943,0.89026195,-0.21237849,-0.2159209,-1.0837331,1.2801869,-1.2804675,-0.12765127,-0.19503166,0.0725806,-0.900796,0.25279847,-0.7836983,0.5805692,0.08825794,0.9145272,-0.37482566,0.38613173,-0.5981227,0.01651254,-1.0875132,-0.52766293,-1.3187529,0.37872103,-0.43771416,-0.12341043,0.32505998,0.4278436,-0.8590022,0.58633053,-0.8006142,0.8197855,-0.08994417,0.9860699,0.13099074,-0.173292,-0.7156598,0.72135746,0.07094986,0.54462916,-0.12355169,-1.3229294,-0.5377921,0.61297953,1.1825942,0.72944766,-1.0323141,0.19477068,0.23406914,-1.5662993,1.2635118,-0.6438001,0.49935007,-0.17413327,0.09156917,0.2295988,-0.20372872,0.302556,-1.087401,0.79506445,1.0856332,-0.1475697,0.4271771,0.3130344,0.24459545,1.1917913,0.00630221,-0.20141426,0.44120157,0.70250237
"CAEDNNARLMFCSARDGTGNGYTF.1","CAEDNNARLMFCSARDGTGNGYTF",13,"TRAV5*01","TRBV20-1*01","TRAJ31*01","TRBJ1-2*01","HomoSapiens","GLCTLVAML","4/18",4,"",1,-1.3071878,0.19284467,-0.6018576,-0.08278801,-0.5308358,0.95807433,0.52725273,0.15086289,1.2509214,0.586978,-0.3244105,-1.169206,-0.39741746,-0.09830596,-0.35876203,0.24393398,-0.77466774,-1.0969491,-0.39014497,-0.00036587,-0.66514724,-0.751869,0.7235496,0.65886587,0.2684943,0.89026195,-0.21237849,-0.2159209,-1.0837331,1.2801869,-1.2804675,-0.12765127,-0.19503166,0.0725806,-0.900796,0.25279847,-0.7836983,0.5805692,0.08825794,0.9145272,-0.37482566,0.38613173,-0.5981227,0.01651254,-1.0875132,-0.52766293,-1.3187529,0.37872103,-0.43771416,-0.12341043,0.32505998,0.4278436,-0.8590022,0.58633053,-0.8006142,0.8197855,-0.08994417,0.9860699,0.13099074,-0.173292,-0.7156598,0.72135746,0.07094986,0.54462916,-0.12355169,-1.3229294,-0.5377921,0.61297953,1.1825942,0.72944766,-1.0323141,0.19477068,0.23406914,-1.5662993,1.2635118,-0.6438001,0.49935007,-0.17413327,0.09156917,0.2295988,-0.20372872,0.302556,-1.087401,0.79506445,1.0856332,-0.1475697,0.4271771,0.3130344,0.24459545,1.1917913,0.00630221,-0.20141426,0.44120157,0.70250237
"CAEDNNARLMFCSARDGTGNGYTF.2","CAEDNNARLMFCSARDGTGNGYTF",13,"TRAV5*01","TRBV20-1*01","TRAJ31*01","TRBJ1-2*01","HomoSapiens","GLCTLVAML","8/45",8,"",1,-1.3071878,0.19284467,-0.6018576,-0.08278801,-0.5308358,0.95807433,0.52725273,0.15086289,1.2509214,0.586978,-0.3244105,-1.169206,-0.39741746,-0.09830596,-0.35876203,0.24393398,-0.77466774,-1.0969491,-0.39014497,-0.00036587,-0.66514724,-0.751869,0.7235496,0.65886587,0.2684943,0.89026195,-0.21237849,-0.2159209,-1.0837331,1.2801869,-1.2804675,-0.12765127,-0.19503166,0.0725806,-0.900796,0.25279847,-0.7836983,0.5805692,0.08825794,0.9145272,-0.37482566,0.38613173,-0.5981227,0.01651254,-1.0875132,-0.52766293,-1.3187529,0.37872103,-0.43771416,-0.12341043,0.32505998,0.4278436,-0.8590022,0.58633053,-0.8006142,0.8197855,-0.08994417,0.9860699,0.13099074,-0.173292,-0.7156598,0.72135746,0.07094986,0.54462916,-0.12355169,-1.3229294,-0.5377921,0.61297953,1.1825942,0.72944766,-1.0323141,0.19477068,0.23406914,-1.5662993,1.2635118,-0.6438001,0.49935007,-0.17413327,0.09156917,0.2295988,-0.20372872,0.302556,-1.087401,0.79506445,1.0856332,-0.1475697,0.4271771,0.3130344,0.24459545,1.1917913,0.00630221,-0.20141426,0.44120157,0.70250237
"CAEDNNARLMFCSARDGTGNGYTF.3","CAEDNNARLMFCSARDGTGNGYTF",13,"TRAV5*01","TRBV20-1*01","TRAJ31*01","TRBJ1-2*01","HomoSapiens","GLCTLVAML","1/160",1,"",1,-1.3071878,0.19284467,-0.6018576,-0.08278801,-0.5308358,0.95807433,0.52725273,0.15086289,1.2509214,0.586978,-0.3244105,-1.169206,-0.39741746,-0.09830596,-0.35876203,0.24393398,-0.77466774,-1.0969491,-0.39014497,-0.00036587,-0.66514724,-0.751869,0.7235496,0.65886587,0.2684943,0.89026195,-0.21237849,-0.2159209,-1.0837331,1.2801869,-1.2804675,-0.12765127,-0.19503166,0.0725806,-0.900796,0.25279847,-0.7836983,0.5805692,0.08825794,0.9145272,-0.37482566,0.38613173,-0.5981227,0.01651254,-1.0875132,-0.52766293,-1.3187529,0.37872103,-0.43771416,-0.12341043,0.32505998,0.4278436,-0.8590022,0.58633053,-0.8006142,0.8197855,-0.08994417,0.9860699,0.13099074,-0.173292,-0.7156598,0.72135746,0.07094986,0.54462916,-0.12355169,-1.3229294,-0.5377921,0.61297953,1.1825942,0.72944766,-1.0323141,0.19477068,0.23406914,-1.5662993,1.2635118,-0.6438001,0.49935007,-0.17413327,0.09156917,0.2295988,-0.20372872,0.302556,-1.087401,0.79506445,1.0856332,-0.1475697,0.4271771,0.3130344,0.24459545,1.1917913,0.00630221,-0.20141426,0.44120157,0.70250237
"CAEDNNARLMFCSARDRTGNGYTF","CAEDNNARLMFCSARDRTGNGYTF",13,"TRAV5*01","TRBV20-1*01","TRAJ31*01","TRBJ1-2*01","HomoSapiens","GLCTLVAML","2/32",2,"2/32",2,-0.68005514,0.92149895,0.13084298,-0.0900134,-0.52609164,1.2869681,-0.4996697,0.22539745,0.5602665,0.5614401,0.22827746,-0.44828907,-0.78717387,-0.38454363,0.41207033,0.7179312,-0.77466774,-1.0969491,-0.39014497,-0.00036587,-0.66514724,-0.751869,0.7235496,0.65886587,0.2684943,0.89026195,-0.21237849,-0.2159209,-1.0837331,1.2801869,-1.2804675,-0.12765127,-0.19503166,0.0725806,-0.900796,0.25279847,-0.7836983,0.5805692,0.08825794,0.9145272,-0.37482566,0.38613173,-0.5981227,0.01651254,-1.0875132,-0.52766293,-1.3187529,0.37872103,-0.43771416,-0.12341043,0.32505998,0.4278436,-0.8590022,0.58633053,-0.8006142,0.8197855,-0.08994417,0.9860699,0.13099074,-0.173292,-0.7156598,0.72135746,0.07094986,0.54462916,-0.12355169,-1.3229294,-0.5377921,0.61297953,1.1825942,0.72944766,-1.0323141,0.19477068,0.23406914,-1.5662993,1.2635118,-0.6438001,0.49935007,-0.17413327,0.09156917,0.2295988,-0.20372872,0.302556,-1.087401,0.79506445,1.0856332,-0.1475697,0.4271771,0.3130344,0.24459545,1.1917913,0.00630221,-0.20141426,0.44120157,0.70250237
"CAEDNNARLMFCSARDRTGNGYTF.1","CAEDNNARLMFCSARDRTGNGYTF",13,"TRAV5*01","TRBV20-1*01","TRAJ31*01","TRBJ1-2*01","HomoSapiens","GLCTLVAML","2/11684",2,"2/32",2,-0.68005514,0.92149895,0.13084298,-0.0900134,-0.52609164,1.2869681,-0.4996697,0.22539745,0.5602665,0.5614401,0.22827746,-0.44828907,-0.78717387,-0.38454363,0.41207033,0.7179312,-0.77466774,-1.0969491,-0.39014497,-0.00036587,-0.66514724,-0.751869,0.7235496,0.65886587,0.2684943,0.89026195,-0.21237849,-0.2159209,-1.0837331,1.2801869,-1.2804675,-0.12765127,-0.19503166,0.0725806,-0.900796,0.25279847,-0.7836983,0.5805692,0.08825794,0.9145272,-0.37482566,0.38613173,-0.5981227,0.01651254,-1.0875132,-0.52766293,-1.3187529,0.37872103,-0.43771416,-0.12341043,0.32505998,0.4278436,-0.8590022,0.58633053,-0.8006142,0.8197855,-0.08994417,0.9860699,0.13099074,-0.173292,-0.7156598,0.72135746,0.07094986,0.54462916,-0.12355169,-1.3229294,-0.5377921,0.61297953,1.1825942,0.72944766,-1.0323141,0.19477068,0.23406914,-1.5662993,1.2635118,-0.6438001,0.49935007,-0.17413327,0.09156917,0.2295988,-0.20372872,0.302556,-1.087401,0.79506445,1.0856332,-0.1475697,0.4271771,0.3130344,0.24459545,1.1917913,0.00630221,-0.20141426,0.44120157,0.70250237
"CAEDNNARLMFCSARDRTGNGYTF.2","CAEDNNARLMFCSARDRTGNGYTF",13,"TRAV5*01","TRBV20-1*01","TRAJ31*01","TRBJ1-2*01","HomoSapiens","GLCTLVAML","133/33921",133,"2/32",2,-0.68005514,0.92149895,0.13084298,-0.0900134,-0.52609164,1.2869681,-0.4996697,0.22539745,0.5602665,0.5614401,0.22827746,-0.44828907,-0.78717387,-0.38454363,0.41207033,0.7179312,-0.77466774,-1.0969491,-0.39014497,-0.00036587,-0.66514724,-0.751869,0.7235496,0.65886587,0.2684943,0.89026195,-0.21237849,-0.2159209,-1.0837331,1.2801869,-1.2804675,-0.12765127,-0.19503166,0.0725806,-0.900796,0.25279847,-0.7836983,0.5805692,0.08825794,0.9145272,-0.37482566,0.38613173,-0.5981227,0.01651254,-1.0875132,-0.52766293,-1.3187529,0.37872103,-0.43771416,-0.12341043,0.32505998,0.4278436,-0.8590022,0.58633053,-0.8006142,0.8197855,-0.08994417,0.9860699,0.13099074,-0.173292,-0.7156598,0.72135746,0.07094986,0.54462916,-0.12355169,-1.3229294,-0.5377921,0.61297953,1.1825942,0.72944766,-1.0323141,0.19477068,0.23406914,-1.5662993,1.2635118,-0.6438001,0.49935007,-0.17413327,0.09156917,0.2295988,-0.20372872,0.302556,-1.087401,0.79506445,1.0856332,-0.1475697,0.4271771,0.3130344,0.24459545,1.1917913,0.00630221,-0.20141426,0.44120157,0.70250237
"CAEDNNARLMFCSARDRTGNGYTF.3","CAEDNNARLMFCSARDRTGNGYTF",13,"TRAV5*01","TRBV20-1*01","TRAJ31*01","TRBJ1-2*01","HomoSapiens","GLCTLVAML","",1,"2/32",2,-0.68005514,0.92149895,0.13084298,-0.0900134,-0.52609164,1.2869681,-0.4996697,0.22539745,0.5602665,0.5614401,0.22827746,-0.44828907,-0.78717387,-0.38454363,0.41207033,0.7179312,-0.77466774,-1.0969491,-0.39014497,-0.00036587,-0.66514724,-0.751869,0.7235496,0.65886587,0.2684943,0.89026195,-0.21237849,-0.2159209,-1.0837331,1.2801869,-1.2804675,-0.12765127,-0.19503166,0.0725806,-0.900796,0.25279847,-0.7836983,0.5805692,0.08825794,0.9145272,-0.37482566,0.38613173,-0.5981227,0.01651254,-1.0875132,-0.52766293,-1.3187529,0.37872103,-0.43771416,-0.12341043,0.32505998,0.4278436,-0.8590022,0.58633053,-0.8006142,0.8197855,-0.08994417,0.9860699,0.13099074,-0.173292,-0.7156598,0.72135746,0.07094986,0.54462916,-0.12355169,-1.3229294,-0.5377921,0.61297953,1.1825942,0.72944766,-1.0323141,0.19477068,0.23406914,-1.5662993,1.2635118,-0.6438001,0.49935007,-0.17413327,0.09156917,0.2295988,-0.20372872,0.302556,-1.087401,0.79506445,1.0856332,-0.1475697,0.4271771,0.3130344,0.24459545,1.1917913,0.00630221,-0.20141426,0.44120157,0.70250237
"CAEDNNARLMFCSARDSTGNGYTF","CAEDNNARLMFCSARDSTGNGYTF",13,"TRAV5*01","TRBV20-1*01","TRAJ31*01","TRBJ1-2*01","HomoSapiens","GLCTLVAML","18/53",18,"18/53",18,-1.1087214,0.50881845,0.12937209,0.12657566,0.21671478,0.12561916,0.1547768,-0.31366706,0.747213,0.6057543,-0.16501132,-0.3071163,-0.45160168,0.31487492,0.06250826,0.8202476,-0.77466774,-1.0969491,-0.39014497,-0.00036587,-0.66514724,-0.751869,0.7235496,0.65886587,0.2684943,0.89026195,-0.21237849,-0.2159209,-1.0837331,1.2801869,-1.2804675,-0.12765127,-0.19503166,0.0725806,-0.900796,0.25279847,-0.7836983,0.5805692,0.08825794,0.9145272,-0.37482566,0.38613173,-0.5981227,0.01651254,-1.0875132,-0.52766293,-1.3187529,0.37872103,-0.43771416,-0.12341043,0.32505998,0.4278436,-0.8590022,0.58633053,-0.8006142,0.8197855,-0.08994417,0.9860699,0.13099074,-0.173292,-0.7156598,0.72135746,0.07094986,0.54462916,-0.12355169,-1.3229294,-0.5377921,0.61297953,1.1825942,0.72944766,-1.0323141,0.19477068,0.23406914,-1.5662993,1.2635118,-0.6438001,0.49935007,-0.17413327,0.09156917,0.2295988,-0.20372872,0.302556,-1.087401,0.79506445,1.0856332,-0.1475697,0.4271771,0.3130344,0.24459545,1.1917913,0.00630221,-0.20141426,0.44120157,0.70250237
"CAEDNNARLMFCSARDSTGNGYTF.1","CAEDNNARLMFCSARDSTGNGYTF",13,"TRAV5*01","TRBV20-1*01","TRAJ31*01","TRBJ1-2*01","HomoSapiens","GLCTLVAML","14/129",14,"18/53",18,-1.1087214,0.50881845,0.12937209,0.12657566,0.21671478,0.12561916,0.1547768,-0.31366706,0.747213,0.6057543,-0.16501132,-0.3071163,-0.45160168,0.31487492,0.06250826,0.8202476,-0.77466774,-1.0969491,-0.39014497,-0.00036587,-0.66514724,-0.751869,0.7235496,0.65886587,0.2684943,0.89026195,-0.21237849,-0.2159209,-1.0837331,1.2801869,-1.2804675,-0.12765127,-0.19503166,0.0725806,-0.900796,0.25279847,-0.7836983,0.5805692,0.08825794,0.9145272,-0.37482566,0.38613173,-0.5981227,0.01651254,-1.0875132,-0.52766293,-1.3187529,0.37872103,-0.43771416,-0.12341043,0.32505998,0.4278436,-0.8590022,0.58633053,-0.8006142,0.8197855,-0.08994417,0.9860699,0.13099074,-0.173292,-0.7156598,0.72135746,0.07094986,0.54462916,-0.12355169,-1.3229294,-0.5377921,0.61297953,1.1825942,0.72944766,-1.0323141,0.19477068,0.23406914,-1.5662993,1.2635118,-0.6438001,0.49935007,-0.17413327,0.09156917,0.2295988,-0.20372872,0.302556,-1.087401,0.79506445,1.0856332,-0.1475697,0.4271771,0.3130344,0.24459545,1.1917913,0.00630221,-0.20141426,0.44120157,0.70250237
"CAEDNNARLMFCSARDTVGNGYTF","CAEDNNARLMFCSARDTVGNGYTF",13,"TRAV5*01","TRBV20-1*01","TRAJ31*01","TRBJ1-2*01","HomoSapiens","GLCTLVAML","17/129",17,"17/129",17,-0.56827426,0.16755593,-0.44824988,-0.05870819,0.33266935,0.80849284,0.3684448,-0.8124395,0.46276543,0.80760676,0.01037706,-0.27759594,-0.10253748,0.31551695,0.7089302,0.11649495,-0.77466774,-1.0969491,-0.39014497,-0.00036587,-0.66514724,-0.751869,0.7235496,0.65886587,0.2684943,0.89026195,-0.21237849,-0.2159209,-1.0837331,1.2801869,-1.2804675,-0.12765127,-0.19503166,0.0725806,-0.900796,0.25279847,-0.7836983,0.5805692,0.08825794,0.9145272,-0.37482566,0.38613173,-0.5981227,0.01651254,-1.0875132,-0.52766293,-1.3187529,0.37872103,-0.43771416,-0.12341043,0.32505998,0.4278436,-0.8590022,0.58633053,-0.8006142,0.8197855,-0.08994417,0.9860699,0.13099074,-0.173292,-0.7156598,0.72135746,0.07094986,0.54462916,-0.12355169,-1.3229294,-0.5377921,0.61297953,1.1825942,0.72944766,-1.0323141,0.19477068,0.23406914,-1.5662993,1.2635118,-0.6438001,0.49935007,-0.17413327,0.09156917,0.2295988,0.0732331,0.9922591,-1.0157895,1.158736,0.14141364,-0.75352097,0.09973208,0.19714922,-0.06265052,1.0132114,0.34935918,-0.06820579,0.8120763,-0.16077857
"CAEDNNPRLMFCSARDSTGNGYTF","CAEDNNPRLMFCSARDSTGNGYTF",13,"TRAV5*01","TRBV20-1*01","TRAJ31*01","TRBJ1-2*01","HomoSapiens","GLCTLVAML","4/53",4,"4/53",4,-1.1087214,0.50881845,0.12937209,0.12657566,0.21671478,0.12561916,0.1547768,-0.31366706,0.747213,0.6057543,-0.16501132,-0.3071163,-0.45160168,0.31487492,0.06250826,0.8202476,0.4780384,-0.8212208,0.06857998,-0.3639912,-0.16059045,-0.58981436,1.3834766,1.2107555,0.62635744,0.55279744,-0.8687305,-0.48516458,-0.7282311,1.4900166,-0.6832868,0.43118113,-0.19503166,0.0725806,-0.900796,0.25279847,-0.7836983,0.5805692,0.08825794,0.9145272,-0.37482566,0.38613173,-0.5981227,0.01651254,-1.0875132,-0.52766293,-1.3187529,0.37872103,-0.43771416,-0.12341043,0.32505998,0.4278436,-0.8590022,0.58633053,-0.8006142,0.8197855,-0.08994417,0.9860699,0.13099074,-0.173292,-0.7156598,0.72135746,0.07094986,0.54462916,-0.12355169,-1.3229294,-0.5377921,0.61297953,1.1825942,0.72944766,-1.0323141,0.19477068,0.23406914,-1.5662993,1.2635118,-0.6438001,0.49935007,-0.17413327,0.09156917,0.2295988,-0.20372872,0.302556,-1.087401,0.79506445,1.0856332,-0.1475697,0.4271771,0.3130344,0.24459545,1.1917913,0.00630221,-0.20141426,0.44120157,0.70250237
"CAHDNNARLMFCSARDRTGNGYTF","CAHDNNARLMFCSARDRTGNGYTF",13,"TRAV5*01","TRBV20-1*01","TRAJ31*01","TRBJ1-2*01","HomoSapiens","GLCTLVAML","10/160",10,"10/160",10,-0.68005514,0.92149895,0.13084298,-0.0900134,-0.52609164,1.2869681,-0.4996697,0.22539745,0.5602665,0.5614401,0.22827746,-0.44828907,-0.78717387,-0.38454363,0.41207033,0.7179312,-0.77466774,-1.0969491,-0.39014497,-0.00036587,-0.66514724,-0.751869,0.7235496,0.65886587,0.2684943,0.89026195,-0.21237849,-0.2159209,-1.0837331,1.2801869,-1.2804675,-0.12765127,-0.19503166,0.0725806,-0.900796,0.25279847,-0.7836983,0.5805692,0.08825794,0.9145272,-0.37482566,0.38613173,-0.5981227,0.01651254,-1.0875132,-0.52766293,-1.3187529,0.37872103,-0.43771416,-0.12341043,0.32505998,0.4278436,-0.8590022,0.58633053,-0.8006142,0.8197855,-0.08994417,0.9860699,0.13099074,-0.173292,-0.7156598,0.72135746,0.07094986,0.54462916,-0.12355169,-1.3229294,-0.5377921,0.61297953,1.1825942,0.72944766,-1.0323141,0.19477068,0.23406914,-1.5662993,1.2635118,-0.6438001,0.49935007,-0.17413327,0.09156917,0.2295988,-0.20372872,0.302556,-1.087401,0.79506445,1.0856332,-0.1475697,0.4271771,0.3130344,0.24459545,1.1917913,0.00630221,-0.20141426,0.44120157,0.70250237
"CASDNNARLMFCSARDSTGNGYTF","CASDNNARLMFCSARDSTGNGYTF",13,"TRAV5*01","TRBV20-1*01","TRAJ31*01","TRBJ1-2*01","HomoSapiens","GLCTLVAML","11/65",11,"11/65",11,-1.1087214,0.50881845,0.12937209,0.12657566,0.21671478,0.12561916,0.1547768,-0.31366706,0.747213,0.6057543,-0.16501132,-0.3071163,-0.45160168,0.31487492,0.06250826,0.8202476,-0.77466774,-1.0969491,-0.39014497,-0.00036587,-0.66514724,-0.751869,0.7235496,0.65886587,0.2684943,0.89026195,-0.21237849,-0.2159209,-1.0837331,1.2801869,-1.2804675,-0.12765127,-0.19503166,0.0725806,-0.900796,0.25279847,-0.7836983,0.5805692,0.08825794,0.9145272,-0.37482566,0.38613173,-0.5981227,0.01651254,-1.0875132,-0.52766293,-1.3187529,0.37872103,-0.43771416,-0.12341043,0.32505998,0.4278436,-0.8590022,0.58633053,-0.8006142,0.8197855,-0.08994417,0.9860699,0.13099074,-0.173292,-0.7156598,0.72135746,0.07094986,0.54462916,-0.12355169,-1.3229294,-0.5377921,0.61297953,1.1825942,0.72944766,-1.0323141,0.19477068,0.23406914,-1.5662993,1.2635118,-0.6438001,0.49935007,-0.17413327,0.09156917,0.2295988,-0.20372872,0.302556,-1.087401,0.79506445,1.0856332,-0.1475697,0.4271771,0.3130344,0.24459545,1.1917913,0.00630221,-0.20141426,0.44120157,0.70250237
"CAESTGKLIFCSGTGGTNEKLFF","CAESTGKLIFCSGTGGTNEKLFF",14,"TRAV5*01","TRBV29-1*01","TRAJ37*01","TRBJ1-4*01","HomoSapiens","GLCTLVAML","1//8",1,"1//8",1,-1.0170087,-0.05203969,-0.584362,-0.51822287,-0.3322367,-0.05123148,1.024494,0.06447785,0.918705,0.46563214,-0.11509178,-0.49091795,-1.1552472,0.17428575,-0.9393471,0.04565076,-0.8844843,-0.43897003,-0.20784906,0.7227369,0.24167407,0.09844109,0.36008614,0.8028499,1.1095083,1.1389788,-1.2511784,-0.64361984,-1.0130277,1.0973053,-0.7248998,1.0812157,-0.10075954,-0.0582524,-0.1585679,0.96659726,0.3644552,-0.02995035,0.47123453,-0.8964487,-1.099918,-0.28380862,-0.24606998,1.0742251,-0.27824166,0.5724139,-0.23299795,0.13387977,-0.2669936,-0.11896683,0.84436893,0.49367407,-0.44476107,0.60817194,-0.10033857,0.37512526,0.97755265,0.20397344,-0.02247946,-0.26359728,-0.83007944,1.4683242,-0.9226482,0.5008878,-0.29894745,0.1403056,-1.0211664,0.5046493,-0.74229914,-0.5686885,0.4281777,-0.02033138,-1.0243058,0.30793634,-1.0886964,-0.30598092,0.43705043,-1.1964703,-1.1764457,-0.5001521,0.6268976,-0.28359088,-1.6475273,0.17434573,1.4001868,-0.47400185,1.1380864,-0.27212313,-0.37206855,1.272298,0.39100933,0.5063942,0.03243606,0.9757361
"CAESTGKLIFCSGTGGTNEKLFF.1","CAESTGKLIFCSGTGGTNEKLFF",14,"TRAV5*01","TRBV29-1*01","TRAJ37*01","TRBJ1-4*01","HomoSapiens","GLCTLVAML","12//17",12,"1//8",1,-1.0170087,-0.05203969,-0.584362,-0.51822287,-0.3322367,-0.05123148,1.024494,0.06447785,0.918705,0.46563214,-0.11509178,-0.49091795,-1.1552472,0.17428575,-0.9393471,0.04565076,-0.8844843,-0.43897003,-0.20784906,0.7227369,0.24167407,0.09844109,0.36008614,0.8028499,1.1095083,1.1389788,-1.2511784,-0.64361984,-1.0130277,1.0973053,-0.7248998,1.0812157,-0.10075954,-0.0582524,-0.1585679,0.96659726,0.3644552,-0.02995035,0.47123453,-0.8964487,-1.099918,-0.28380862,-0.24606998,1.0742251,-0.27824166,0.5724139,-0.23299795,0.13387977,-0.2669936,-0.11896683,0.84436893,0.49367407,-0.44476107,0.60817194,-0.10033857,0.37512526,0.97755265,0.20397344,-0.02247946,-0.26359728,-0.83007944,1.4683242,-0.9226482,0.5008878,-0.29894745,0.1403056,-1.0211664,0.5046493,-0.74229914,-0.5686885,0.4281777,-0.02033138,-1.0243058,0.30793634,-1.0886964,-0.30598092,0.43705043,-1.1964703,-1.1764457,-0.5001521,0.6268976,-0.28359088,-1.6475273,0.17434573,1.4001868,-0.47400185,1.1380864,-0.27212313,-0.37206855,1.272298,0.39100933,0.5063942,0.03243606,0.9757361
"CAVDTNTDKLIFCASSQGYEQYF","CAVDTNTDKLIFCASSQGYEQYF",15,"TRAV2*01","TRBV11-2*01","TRAJ34*01","TRBJ2-7*01","HomoSapiens","KLFEFLVYGV","",1,"",1,-0.10729234,-0.34167752,-0.79902446,0.8566057,0.75675297,-0.42238197,-0.39184806,-0.26361287,-0.5613028,-0.2265417,0.01849712,0.179356,-0.14318746,0.56391877,-1.0145777,1.2239344,-1.3071878,0.19284467,-0.6018576,-0.08278801,-0.5308358,0.95807433,0.52725273,0.15086289,1.2509214,0.586978,-0.3244105,-1.169206,-0.39741746,-0.09830596,-0.35876203,0.24393398,0.28502458,-0.8407754,0.15772855,0.12009447,-0.29437855,0.22515453,-1.256007,-0.01294033,0.21921435,0.3544981,1.4063563,-0.51744545,0.28697908,1.7839419,-0.6115184,0.4529196,-0.29548648,-0.09859678,-1.2416022,-0.33064517,0.7080755,-0.29203978,0.87071484,0.273006,0.1641247,0.02187482,0.3773201,0.6645653,0.3762355,-0.31917515,0.75691724,-0.69121164,0.25520462,0.16299517,1.5070755,0.6219707,0.85030544,-0.6550175,-0.25541788,-0.1705514,0.46212566,-0.3637259,-0.47612828,0.3204407,-1.4052557,1.0375748,-0.17822286,1.0886493,1.3363775,-0.0049981,0.22046287,-0.00118128,0.7230109,-0.6604635,-0.24361461,-0.756509,-0.5348657,0.65050024,-0.80857867,-0.13863477,-0.04601938,-0.31684452
"CAVDTNTDKLIFCASSQGYEQYF.1","CAVDTNTDKLIFCASSQGYEQYF",15,"TRAV2*01","TRBV11-2*01","TRAJ34*01","TRBJ2-7*01","HomoSapiens","KLFEFLVYGV","",1,"",1,-0.10729234,-0.34167752,-0.79902446,0.8566057,0.75675297,-0.42238197,-0.39184806,-0.26361287,-0.5613028,-0.2265417,0.01849712,0.179356,-0.14318746,0.56391877,-1.0145777,1.2239344,-1.3071878,0.19284467,-0.6018576,-0.08278801,-0.5308358,0.95807433,0.52725273,0.15086289,1.2509214,0.586978,-0.3244105,-1.169206,-0.39741746,-0.09830596,-0.35876203,0.24393398,0.28502458,-0.8407754,0.15772855,0.12009447,-0.29437855,0.22515453,-1.256007,-0.01294033,0.21921435,0.3544981,1.4063563,-0.51744545,0.28697908,1.7839419,-0.6115184,0.4529196,-0.29548648,-0.09859678,-1.2416022,-0.33064517,0.7080755,-0.29203978,0.87071484,0.273006,0.1641247,0.02187482,0.3773201,0.6645653,0.3762355,-0.31917515,0.75691724,-0.69121164,0.25520462,0.16299517,1.5070755,0.6219707,0.85030544,-0.6550175,-0.25541788,-0.1705514,0.46212566,-0.3637259,-0.47612828,0.3204407,-1.4052557,1.0375748,-0.17822286,1.0886493,1.3363775,-0.0049981,0.22046287,-0.00118128,0.7230109,-0.6604635,-0.24361461,-0.756509,-0.5348657,0.65050024,-0.80857867,-0.13863477,-0.04601938,-0.31684452
"CAVDTNTDKLIFCASSQGYEQYF.2","CAVDTNTDKLIFCASSQGYEQYF",15,"TRAV2*01","TRBV11-2*01","TRAJ34*01","TRBJ2-7*01","HomoSapiens","KLFEFLVYGV","",1,"",1,-0.10729234,-0.34167752,-0.79902446,0.8566057,0.75675297,-0.42238197,-0.39184806,-0.26361287,-0.5613028,-0.2265417,0.01849712,0.179356,-0.14318746,0.56391877,-1.0145777,1.2239344,-1.3071878,0.19284467,-0.6018576,-0.08278801,-0.5308358,0.95807433,0.52725273,0.15086289,1.2509214,0.586978,-0.3244105,-1.169206,-0.39741746,-0.09830596,-0.35876203,0.24393398,0.28502458,-0.8407754,0.15772855,0.12009447,-0.29437855,0.22515453,-1.256007,-0.01294033,0.21921435,0.3544981,1.4063563,-0.51744545,0.28697908,1.7839419,-0.6115184,0.4529196,-0.29548648,-0.09859678,-1.2416022,-0.33064517,0.7080755,-0.29203978,0.87071484,0.273006,0.1641247,0.02187482,0.3773201,0.6645653,0.3762355,-0.31917515,0.75691724,-0.69121164,0.25520462,0.16299517,1.5070755,0.6219707,0.85030544,-0.6550175,-0.25541788,-0.1705514,0.46212566,-0.3637259,-0.47612828,0.3204407,-1.4052557,1.0375748,-0.17822286,1.0886493,1.3363775,-0.0049981,0.22046287,-0.00118128,0.7230109,-0.6604635,-0.24361461,-0.756509,-0.5348657,0.65050024,-0.80857867,-0.13863477,-0.04601938,-0.31684452
"CAVRNNNARLMFCASSIVNEAFF","CAVRNNNARLMFCASSIVNEAFF",16,"TRAV3*01","TRBV12-4*01","TRAJ31*01","TRBJ1-1*01","HomoSapiens","NLVPMVATV","50/64",50,"50/64",50,0.00343474,0.38855436,-0.16956629,0.46216214,-0.03614775,-0.25188598,-0.28421804,0.44999722,-0.878534,0.40490803,-0.43872353,0.8786023,-1.1416975,-0.11448206,-0.89748263,0.9550347,-0.29131243,0.857259,-0.37663832,0.3049634,-0.61155015,0.2025416,0.04099979,-0.9283247,0.15551946,0.6290268,0.35343403,-0.14438747,0.26833725,-0.54776394,-0.03648203,-0.07604201,-0.21327718,-0.9363187,0.5859243,-0.34542796,-1.4498932,-0.6067027,-0.6277083,0.10400628,-0.4198679,0.90289104,1.3853282,0.07238445,0.31116557,1.7152494,-0.81896806,-0.7242475,-1.034355,0.8887029,-0.5272747,1.4157832,0.7710795,0.17886245,-0.28373227,0.8981919,0.86125946,1.1112847,-0.3784049,-0.9092227,0.84996706,0.42926863,0.93609977,1.3675717,-0.14753506,-0.3682948,0.3425556,-0.00759126,-0.66040313,-0.4229753,-0.30337283,0.73340046,-0.42216057,0.86472404,0.34030947,0.5049961,-1.4734895,0.9939492,-0.50963515,0.34634596,-0.2109756,0.31635857,0.573192,1.2526866,0.36261475,-0.5145903,-0.42784262,0.10411791,-0.8736506,0.4871657,-0.6116563,-0.59152704,1.0357791,-1.0730054
"CAVRNNNARLMFCASSIVNEAFF.1","CAVRNNNARLMFCASSIVNEAFF",16,"TRAV3*01","TRBV12-4*01","TRAJ31*01","TRBJ1-1*01","HomoSapiens","NLVPMVATV","5/64",5,"50/64",50,0.00343474,0.38855436,-0.16956629,0.46216214,-0.03614775,-0.25188598,-0.28421804,0.44999722,-0.878534,0.40490803,-0.43872353,0.8786023,-1.1416975,-0.11448206,-0.89748263,0.9550347,-0.29131243,0.857259,-0.37663832,0.3049634,-0.61155015,0.2025416,0.04099979,-0.9283247,0.15551946,0.6290268,0.35343403,-0.14438747,0.26833725,-0.54776394,-0.03648203,-0.07604201,-0.21327718,-0.9363187,0.5859243,-0.34542796,-1.4498932,-0.6067027,-0.6277083,0.10400628,-0.4198679,0.90289104,1.3853282,0.07238445,0.31116557,1.7152494,-0.81896806,-0.7242475,-1.034355,0.8887029,-0.5272747,1.4157832,0.7710795,0.17886245,-0.28373227,0.8981919,0.86125946,1.1112847,-0.3784049,-0.9092227,0.84996706,0.42926863,0.93609977,1.3675717,-0.14753506,-0.3682948,0.3425556,-0.00759126,-0.66040313,-0.4229753,-0.30337283,0.73340046,-0.42216057,0.86472404,0.34030947,0.5049961,-1.4734895,0.9939492,-0.50963515,0.34634596,-0.2109756,0.31635857,0.573192,1.2526866,0.36261475,-0.5145903,-0.42784262,0.10411791,-0.8736506,0.4871657,-0.6116563,-0.59152704,1.0357791,-1.0730054
"CAYGEDDKIIFCASRRGPYEQYF","CAYGEDDKIIFCASRRGPYEQYF",17,"TRAV38-2/DV8*01","TRBV25-1*01","TRAJ30*01","TRBJ2-7*01","HomoSapiens","KLVALVINAV","",1,"",1,0.15911159,0.20923162,-0.30778208,0.10597474,-1.0039405,0.26257533,-0.1116457,0.8597353,-0.24608132,0.85080916,-0.7458557,-0.57017064,-0.9174381,-0.6977474,-0.46405354,-0.20057346,0.936286,-0.05598359,-0.8613373,0.07147471,0.61750835,-0.5278459,0.474823,1.0451669,0.1761769,-0.27200648,1.0638711,-0.9128985,1.0398718,1.0735539,0.6295948,0.6858372,-0.06852722,0.19700694,1.5755986,0.70303774,0.30278954,-0.22428326,-0.47281453,-0.08940467,0.47384426,0.22274975,0.13691974,0.5984925,-0.88426363,1.8815051,-0.5013779,1.0772015,-0.640199,-1.2547951,-0.45859933,-0.30342242,-0.44365907,0.27136448,-0.46470645,0.06614699,0.14681627,-0.8152963,0.9592293,-0.00655875,0.21788417,0.37808082,-0.29116464,-0.3432186,1.2245965,0.74894494,0.7995557,-0.03248649,-0.13575013,-0.18198828,-1.1117291,0.28132796,-0.43736458,0.4043336,-0.5906783,-0.3093279,-0.7306558,-1.0169051,0.29558367,0.22486193,-0.47372198,0.20571162,-0.13973084,-0.7849807,-0.7591129,0.76739436,0.17949,0.03174717,1.2428488,0.58685595,0.49373448,-0.8141132,-0.3932886,0.28587756
"CAYGEDDKIIFCASRRGPYEQYF.1","CAYGEDDKIIFCASRRGPYEQYF",17,"TRAV38-2/DV8*01","TRBV25-1*01","TRAJ30*01","TRBJ2-7*01","HomoSapiens","KLVALGINAV","",1,"",1,0.15911159,0.20923162,-0.30778208,0.10597474,-1.0039405,0.26257533,-0.1116457,0.8597353,-0.24608132,0.85080916,-0.7458557,-0.57017064,-0.9174381,-0.6977474,-0.46405354,-0.20057346,0.936286,-0.05598359,-0.8613373,0.07147471,0.61750835,-0.5278459,0.474823,1.0451669,0.1761769,-0.27200648,1.0638711,-0.9128985,1.0398718,1.0735539,0.6295948,0.6858372,-0.06852722,0.19700694,1.5755986,0.70303774,0.30278954,-0.22428326,-0.47281453,-0.08940467,0.47384426,0.22274975,0.13691974,0.5984925,-0.88426363,1.8815051,-0.5013779,1.0772015,-0.640199,-1.2547951,-0.45859933,-0.30342242,-0.44365907,0.27136448,-0.46470645,0.06614699,0.14681627,-0.8152963,0.9592293,-0.00655875,0.21788417,0.37808082,-0.29116464,-0.3432186,1.2245965,0.74894494,0.7995557,-0.03248649,-0.13575013,-0.18198828,-1.1117291,0.28132796,-0.43736458,0.4043336,-0.5906783,-0.3093279,-0.7306558,-1.0169051,0.29558367,0.22486193,-0.47372198,0.20571162,-0.13973084,-0.7849807,-0.7591129,0.76739436,0.17949,0.03174717,1.2428488,0.58685595,0.49373448,-0.8141132,-0.3932886,0.28587756
"CAYGEDDKIIFCASRRGPYEQYF.2","CAYGEDDKIIFCASRRGPYEQYF",17,"TRAV38-2/DV8*01","TRBV25-1*01","TRAJ30*01","TRBJ2-7*01","HomoSapiens","KLVALGINAV","",1,"",1,0.15911159,0.20923162,-0.30778208,0.10597474,-1.0039405,0.26257533,-0.1116457,0.8597353,-0.24608132,0.85080916,-0.7458557,-0.57017064,-0.9174381,-0.6977474,-0.46405354,-0.20057346,0.936286,-0.05598359,-0.8613373,0.07147471,0.61750835,-0.5278459,0.474823,1.0451669,0.1761769,-0.27200648,1.0638711,-0.9128985,1.0398718,1.0735539,0.6295948,0.6858372,-0.06852722,0.19700694,1.5755986,0.70303774,0.30278954,-0.22428326,-0.47281453,-0.08940467,0.47384426,0.22274975,0.13691974,0.5984925,-0.88426363,1.8815051,-0.5013779,1.0772015,-0.640199,-1.2547951,-0.45859933,-0.30342242,-0.44365907,0.27136448,-0.46470645,0.06614699,0.14681627,-0.8152963,0.9592293,-0.00655875,0.21788417,0.37808082,-0.29116464,-0.3432186,1.2245965,0.74894494,0.7995557,-0.03248649,-0.13575013,-0.18198828,-1.1117291,0.28132796,-0.43736458,0.4043336,-0.5906783,-0.3093279,-0.7306558,-1.0169051,0.29558367,0.22486193,-0.47372198,0.20571162,-0.13973084,-0.7849807,-0.7591129,0.76739436,0.17949,0.03174717,1.2428488,0.58685595,0.49373448,-0.8141132,-0.3932886,0.28587756
"CVVGYGQFYFCASSFVSFDEQFF","CVVGYGQFYFCASSFVSFDEQFF",18,"TRAV10*01","TRBV28*01","TRAJ49*01","TRBJ2-1*01","HomoSapiens","NLVPMVATV","0.04%",1,"0.04%",1,-0.19959971,0.29640085,-1.0903724,-0.3398351,-1.1605016,0.02569097,0.9107171,-0.55017984,0.3270114,0.4889046,0.40335357,-0.32818913,-0.43530822,-0.6883531,-1.0383373,-0.85063887,-1.1973712,-0.46513438,-0.7841535,-0.8058908,-1.4376571,0.10776425,0.89071625,0.00687888,0.40990746,0.33826113,0.7143894,-0.7415072,-0.46812284,0.08457559,-0.91432977,-0.96493304,-0.2752556,0.52168536,0.59149885,-0.575617,-0.01156228,-0.06506086,-0.19298597,-0.43278277,0.73914033,0.60563225,0.6531337,0.04797658,-0.44747284,0.6990585,-0.5028649,0.45963833,0.789119,-0.46169245,0.28899708,0.32669535,1.3585578,-0.36457545,-0.9048324,-0.03648809,0.7162933,-0.10460655,-0.03617279,-0.544908,-0.9211372,1.0297216,-0.31338066,1.4749513,-0.33346063,0.33140522,0.35127905,-1.3469589,-0.04020304,0.36904064,-0.02929288,-0.46757287,0.97916734,-1.029414,0.20178482,-0.04238375,-0.27560118,-1.4391412,0.15585572,-0.48737812,-0.8359336,0.24266574,-0.6639802,-0.1453613,0.59212095,-0.9749135,0.65704685,0.77177846,0.44857228,-0.17997763,0.20193172,0.63504493,0.02717129,-0.3198172
"CVVGYGQFYFCASSFVSFDEQFF.1","CVVGYGQFYFCASSFVSFDEQFF",18,"TRAV10*01","TRBV28*01","TRAJ49*01","TRBJ2-1*01","HomoSapiens","NLVPMVATV","0.04%",1,"0.04%",1,-0.19959971,0.29640085,-1.0903724,-0.3398351,-1.1605016,0.02569097,0.9107171,-0.55017984,0.3270114,0.4889046,0.40335357,-0.32818913,-0.43530822,-0.6883531,-1.0383373,-0.85063887,-1.1973712,-0.46513438,-0.7841535,-0.8058908,-1.4376571,0.10776425,0.89071625,0.00687888,0.40990746,0.33826113,0.7143894,-0.7415072,-0.46812284,0.08457559,-0.91432977,-0.96493304,-0.2752556,0.52168536,0.59149885,-0.575617,-0.01156228,-0.06506086,-0.19298597,-0.43278277,0.73914033,0.60563225,0.6531337,0.04797658,-0.44747284,0.6990585,-0.5028649,0.45963833,0.789119,-0.46169245,0.28899708,0.32669535,1.3585578,-0.36457545,-0.9048324,-0.03648809,0.7162933,-0.10460655,-0.03617279,-0.544908,-0.9211372,1.0297216,-0.31338066,1.4749513,-0.33346063,0.33140522,0.35127905,-1.3469589,-0.04020304,0.36904064,-0.02929288,-0.46757287,0.97916734,-1.029414,0.20178482,-0.04238375,-0.27560118,-1.4391412,0.15585572,-0.48737812,-0.8359336,0.24266574,-0.6639802,-0.1453613,0.59212095,-0.9749135,0.65704685,0.77177846,0.44857228,-0.17997763,0.20193172,0.63504493,0.02717129,-0.3198172
"CVVGYGQFYFCASSFVSFDEQFF.2","CVVGYGQFYFCASSFVSFDEQFF",18,"TRAV10*01","TRBV28*01","TRAJ49*01","TRBJ2-1*01","HomoSapiens","NLVPMVATV","0.03%",1,"0.04%",1,-0.19959971,0.29640085,-1.0903724,-0.3398351,-1.1605016,0.02569097,0.9107171,-0.55017984,0.3270114,0.4889046,0.40335357,-0.32818913,-0.43530822,-0.6883531,-1.0383373,-0.85063887,-1.1973712,-0.46513438,-0.7841535,-0.8058908,-1.4376571,0.10776425,0.89071625,0.00687888,0.40990746,0.33826113,0.7143894,-0.7415072,-0.46812284,0.08457559,-0.91432977,-0.96493304,-0.2752556,0.52168536,0.59149885,-0.575617,-0.01156228,-0.06506086,-0.19298597,-0.43278277,0.73914033,0.60563225,0.6531337,0.04797658,-0.44747284,0.6990585,-0.5028649,0.45963833,0.789119,-0.46169245,0.28899708,0.32669535,1.3585578,-0.36457545,-0.9048324,-0.03648809,0.7162933,-0.10460655,-0.03617279,-0.544908,-0.9211372,1.0297216,-0.31338066,1.4749513,-0.33346063,0.33140522,0.35127905,-1.3469589,-0.04020304,0.36904064,-0.02929288,-0.46757287,0.97916734,-1.029414,0.20178482,-0.04238375,-0.27560118,-1.4391412,0.15585572,-0.48737812,-0.8359336,0.24266574,-0.6639802,-0.1453613,0.59212095,-0.9749135,0.65704685,0.77177846,0.44857228,-0.17997763,0.20193172,0.63504493,0.02717129,-0.3198172
"CAFMQFDMRFCASTPGGYEQYF","CAFMQFDMRFCASTPGGYEQYF",19,"TRAV38-1*01","TRBV2*01","TRAJ43*01","TRBJ2-7*01","HomoSapiens","KLFEFLVYGV","",1,"",1,1.2371173,0.03006038,0.6209885,-0.53677183,-0.55178756,0.32018602,0.19493695,1.2013117,-0.15549196,0.18178976,-0.02188904,-0.06316694,-0.5096403,0.6094196,0.3822838,0.41876295,0.21455537,0.30669993,-0.847405,-0.01227514,0.5413668,-0.61940247,0.45561895,1.0760744,1.0129601,0.38456482,-0.12338838,-1.0159833,-0.37054157,-0.17106745,-0.30797368,0.2438134,0.46538717,-0.4276807,0.3575201,0.40776238,0.8110419,0.06615881,-1.1222291,0.04465864,0.7280119,0.4818691,0.5768752,-0.26685622,-0.40014523,1.873652,-0.6365357,1.4635035,-1.3808417,-0.305429,-0.2246206,-1.2868018,-1.2662632,0.14014481,0.4645367,-0.41129443,0.15794471,-0.6915332,1.0354878,0.30827406,0.17055658,-0.7965127,-0.15749386,-1.3470837,1.1619188,-0.52645427,0.5080733,0.24888122,1.4992154,-0.4652221,-0.03001398,-0.199123,-0.34146288,0.22492999,-0.13388611,-0.02129938,-0.32101128,-0.1638845,0.5705966,-0.48614988,-0.8667169,-0.09309035,-0.41565108,-0.23289861,-0.25743943,0.15610114,0.923568,0.22606985,0.27568114,-0.0824477,0.46231595,-0.8372488,-0.24124756,-1.0409801
"CAFMQFDMRFCASTPGGYEQYF.1","CAFMQFDMRFCASTPGGYEQYF",19,"TRAV38-1*01","TRBV2*01","TRAJ43*01","TRBJ2-7*01","HomoSapiens","KLFEFLVYGV","",1,"",1,1.2371173,0.03006038,0.6209885,-0.53677183,-0.55178756,0.32018602,0.19493695,1.2013117,-0.15549196,0.18178976,-0.02188904,-0.06316694,-0.5096403,0.6094196,0.3822838,0.41876295,0.21455537,0.30669993,-0.847405,-0.01227514,0.5413668,-0.61940247,0.45561895,1.0760744,1.0129601,0.38456482,-0.12338838,-1.0159833,-0.37054157,-0.17106745,-0.30797368,0.2438134,0.46538717,-0.4276807,0.3575201,0.40776238,0.8110419,0.06615881,-1.1222291,0.04465864,0.7280119,0.4818691,0.5768752,-0.26685622,-0.40014523,1.873652,-0.6365357,1.4635035,-1.3808417,-0.305429,-0.2246206,-1.2868018,-1.2662632,0.14014481,0.4645367,-0.41129443,0.15794471,-0.6915332,1.0354878,0.30827406,0.17055658,-0.7965127,-0.15749386,-1.3470837,1.1619188,-0.52645427,0.5080733,0.24888122,1.4992154,-0.4652221,-0.03001398,-0.199123,-0.34146288,0.22492999,-0.13388611,-0.02129938,-0.32101128,-0.1638845,0.5705966,-0.48614988,-0.8667169,-0.09309035,-0.41565108,-0.23289861,-0.25743943,0.15610114,0.923568,0.22606985,0.27568114,-0.0824477,0.46231595,-0.8372488,-0.24124756,-1.0409801
"CAVNRDDKIIFCASSPDIEQYF","CAVNRDDKIIFCASSPDIEQYF",20,"TRAV12-2*01","TRBV7-9*01","TRAJ30*01","TRBJ2-7*01","HomoSapiens","YLQPRTFLL","",1,"",1,0.06085797,0.23515175,0.24168465,0.36637223,0.09047529,-1.1501222,0.00870764,-0.22783743,-0.65403765,0.56842995,-0.6855918,0.13417251,-0.02770294,-0.17950724,-0.09760712,-0.00835878,-0.07193685,0.35906324,-0.47964868,-0.34759372,-0.2773983,1.2685152,-0.76450485,-0.03553316,0.3583348,-0.23566969,1.2881056,-0.61042005,-0.8820658,-0.13296962,0.06395232,0.6862313,0.28502458,-0.8407754,0.15772855,0.12009447,-0.29437855,0.22515453,-1.256007,-0.01294033,0.21921435,0.3544981,1.4063563,-0.51744545,0.28697908,1.7839419,-0.6115184,0.4529196,0.18869288,0.5617883,-1.2391703,0.7580297,0.51696473,-0.8368051,-0.3658528,0.15508223,-0.5093153,0.07031948,0.79345715,-0.8567318,1.186237,-0.41479152,0.499266,0.15639904,0.25520462,0.16299517,1.5070755,0.6219707,0.85030544,-0.6550175,-0.25541788,-0.1705514,0.46212566,-0.3637259,-0.47612828,0.3204407,-1.4052557,1.0375748,-0.17822286,1.0886493,0.71107614,0.22004285,0.6634145,0.31606907,-0.31304616,-0.40087256,0.19923255,0.43681648,-0.38156122,0.57040995,-1.0159348,-0.76502913,1.164406,0.2623799
"CAVNRDDKIIFCASSPDIEQYF.1","CAVNRDDKIIFCASSPDIEQYF",20,"TRAV12-2*01","TRBV7-9*01","TRAJ30*01","TRBJ2-7*01","HomoSapiens","YLQPRTFLL","",1,"",1,0.06085797,0.23515175,0.24168465,0.36637223,0.09047529,-1.1501222,0.00870764,-0.22783743,-0.65403765,0.56842995,-0.6855918,0.13417251,-0.02770294,-0.17950724,-0.09760712,-0.00835878,-0.07193685,0.35906324,-0.47964868,-0.34759372,-0.2773983,1.2685152,-0.76450485,-0.03553316,0.3583348,-0.23566969,1.2881056,-0.61042005,-0.8820658,-0.13296962,0.06395232,0.6862313,0.28502458,-0.8407754,0.15772855,0.12009447,-0.29437855,0.22515453,-1.256007,-0.01294033,0.21921435,0.3544981,1.4063563,-0.51744545,0.28697908,1.7839419,-0.6115184,0.4529196,0.18869288,0.5617883,-1.2391703,0.7580297,0.51696473,-0.8368051,-0.3658528,0.15508223,-0.5093153,0.07031948,0.79345715,-0.8567318,1.186237,-0.41479152,0.499266,0.15639904,0.25520462,0.16299517,1.5070755,0.6219707,0.85030544,-0.6550175,-0.25541788,-0.1705514,0.46212566,-0.3637259,-0.47612828,0.3204407,-1.4052557,1.0375748,-0.17822286,1.0886493,0.71107614,0.22004285,0.6634145,0.31606907,-0.31304616,-0.40087256,0.19923255,0.43681648,-0.38156122,0.57040995,-1.0159348,-0.76502913,1.164406,0.2623799
"CAVNRDDKIIFCASSPDIEQYF.2","CAVNRDDKIIFCASSPDIEQYF",20,"TRAV12-2*01","TRBV7-9*01","TRAJ30*01","TRBJ2-7*01","HomoSapiens","YLQPRTFLL","",1,"",1,0.06085797,0.23515175,0.24168465,0.36637223,0.09047529,-1.1501222,0.00870764,-0.22783743,-0.65403765,0.56842995,-0.6855918,0.13417251,-0.02770294,-0.17950724,-0.09760712,-0.00835878,-0.07193685,0.35906324,-0.47964868,-0.34759372,-0.2773983,1.2685152,-0.76450485,-0.03553316,0.3583348,-0.23566969,1.2881056,-0.61042005,-0.8820658,-0.13296962,0.06395232,0.6862313,0.28502458,-0.8407754,0.15772855,0.12009447,-0.29437855,0.22515453,-1.256007,-0.01294033,0.21921435,0.3544981,1.4063563,-0.51744545,0.28697908,1.7839419,-0.6115184,0.4529196,0.18869288,0.5617883,-1.2391703,0.7580297,0.51696473,-0.8368051,-0.3658528,0.15508223,-0.5093153,0.07031948,0.79345715,-0.8567318,1.186237,-0.41479152,0.499266,0.15639904,0.25520462,0.16299517,1.5070755,0.6219707,0.85030544,-0.6550175,-0.25541788,-0.1705514,0.46212566,-0.3637259,-0.47612828,0.3204407,-1.4052557,1.0375748,-0.17822286,1.0886493,0.71107614,0.22004285,0.6634145,0.31606907,-0.31304616,-0.40087256,0.19923255,0.43681648,-0.38156122,0.57040995,-1.0159348,-0.76502913,1.164406,0.2623799
"CAVNRDDKIIFCASSPDIEQYF.3","CAVNRDDKIIFCASSPDIEQYF",20,"TRAV12-2*01","TRBV7-9*01","TRAJ30*01","TRBJ2-7*01","HomoSapiens","YLQPRTFLL","1/3",1,"",1,0.06085797,0.23515175,0.24168465,0.36637223,0.09047529,-1.1501222,0.00870764,-0.22783743,-0.65403765,0.56842995,-0.6855918,0.13417251,-0.02770294,-0.17950724,-0.09760712,-0.00835878,-0.07193685,0.35906324,-0.47964868,-0.34759372,-0.2773983,1.2685152,-0.76450485,-0.03553316,0.3583348,-0.23566969,1.2881056,-0.61042005,-0.8820658,-0.13296962,0.06395232,0.6862313,0.28502458,-0.8407754,0.15772855,0.12009447,-0.29437855,0.22515453,-1.256007,-0.01294033,0.21921435,0.3544981,1.4063563,-0.51744545,0.28697908,1.7839419,-0.6115184,0.4529196,0.18869288,0.5617883,-1.2391703,0.7580297,0.51696473,-0.8368051,-0.3658528,0.15508223,-0.5093153,0.07031948,0.79345715,-0.8567318,1.186237,-0.41479152,0.499266,0.15639904,0.25520462,0.16299517,1.5070755,0.6219707,0.85030544,-0.6550175,-0.25541788,-0.1705514,0.46212566,-0.3637259,-0.47612828,0.3204407,-1.4052557,1.0375748,-0.17822286,1.0886493,0.71107614,0.22004285,0.6634145,0.31606907,-0.31304616,-0.40087256,0.19923255,0.43681648,-0.38156122,0.57040995,-1.0159348,-0.76502913,1.164406,0.2623799
"CAVNRDDKIIFCASSPDIEQYF.4","CAVNRDDKIIFCASSPDIEQYF",20,"TRAV12-2*01","TRBV7-9*01","TRAJ30*01","TRBJ2-7*01","HomoSapiens","YLQPRTFLL","1/6",1,"",1,0.06085797,0.23515175,0.24168465,0.36637223,0.09047529,-1.1501222,0.00870764,-0.22783743,-0.65403765,0.56842995,-0.6855918,0.13417251,-0.02770294,-0.17950724,-0.09760712,-0.00835878,-0.07193685,0.35906324,-0.47964868,-0.34759372,-0.2773983,1.2685152,-0.76450485,-0.03553316,0.3583348,-0.23566969,1.2881056,-0.61042005,-0.8820658,-0.13296962,0.06395232,0.6862313,0.28502458,-0.8407754,0.15772855,0.12009447,-0.29437855,0.22515453,-1.256007,-0.01294033,0.21921435,0.3544981,1.4063563,-0.51744545,0.28697908,1.7839419,-0.6115184,0.4529196,0.18869288,0.5617883,-1.2391703,0.7580297,0.51696473,-0.8368051,-0.3658528,0.15508223,-0.5093153,0.07031948,0.79345715,-0.8567318,1.186237,-0.41479152,0.499266,0.15639904,0.25520462,0.16299517,1.5070755,0.6219707,0.85030544,-0.6550175,-0.25541788,-0.1705514,0.46212566,-0.3637259,-0.47612828,0.3204407,-1.4052557,1.0375748,-0.17822286,1.0886493,0.71107614,0.22004285,0.6634145,0.31606907,-0.31304616,-0.40087256,0.19923255,0.43681648,-0.38156122,0.57040995,-1.0159348,-0.76502913,1.164406,0.2623799
