TCR_name	TRAV	TRAJ	TRA_CDR3	TRBV	TRBJ	TRB_CDR3	TRAC	TRBC	TRA_leader	TRB_leader	Linker	Link_order	TRA_5_prime_seq	TRA_3_prime_seq	TRB_5_prime_seq	TRB_3_prime_seq
C25	TRAV26-2	TRAJ43	CILDNNNDMRF	TRBV7-6	TRBJ1-4	CASSLAPGTTNEKLFF										
C25-alpha	TRAV26-2	TRAJ43	CILDNNNDMRF													
C25-beta				TRBV7-6	TRBJ1-4	CASSLAPGTTNEKLFF										
C25-linked_ab	TRAV26-2	TRAJ43	CILDNNNDMRF	TRBV7-6	TRBJ1-4	CASSLAPGTTNEKLFF					P2A	AB				
C25-linked_ba	TRAV26-2	TRAJ43	CILDNNNDMRF	TRBV7-6	TRBJ1-4	CASSLAPGTTNEKLFF					P2A	BA				
C25-linked_ba_kozak_stop	TRAV26-2	TRAJ43	CILDNNNDMRF	TRBV7-6	TRBJ1-4	CASSLAPGTTNEKLFF					P2A			TAA	CCGCCACC	