C gene	Exons	Start motif	Stop codon motif
TRAC*01	EX1+EX2+EX3+EX4UTR	VQDPDPSVYQ	*GSLCLSGPTG
TRBC1*01	EX1+EX2+EX3+EX4	DLQKVTPPTV	
TRBC1*02	EX1+EX2+EX3+EX4	DLQKVTPPTV	
TRBC2*01	EX1+EX2+EX3+EX4	DLQKVTPPTV	
TRGC2*01_AB	EX1+EX2A+EX2B+EX3	KSPEDISPKP	
TRGC3*01_AB	EX1+EX2A+EX2B+EX3	KSANEDTSPK	
TRGC4*01_AB	EX1+EX2A+EX2B+EX3	KSPEDISPKP	
TRGC2*01_A	EX1+EX2A+EX3	KSPEDISPKP	
TRGC3*01_A	EX1+EX2A+EX3	KSANEDTSPK	
TRGC4*01_A	EX1+EX2A+EX3	KSPEDISPKP	
TRGC5*01_A	EX1+EX2A+EX3	KNPDEDIPPK	
TRDC*01	EX1+EX2+EX3+EX4UTR	SQLPAKPSVF	*GF*LLGDSS*
