J gene	Residue	Confident?	Motif	Position
TRAJ1*01	C	Y	CGKG	-11
TRAJ10*01	F	Y	FGKG	-11
TRAJ11*01	F	Y	FGKG	-11
TRAJ12*01	F	Y	FGSG	-11
TRAJ14*01	F	N	FIYG	-13
TRAJ15*01	F	Y	FGKG	-11
TRAJ16*01	F	Y	FGRG	-11
TRAJ17*01	F	Y	FGGG	-11
TRAJ18*01	F	Y	FGKG	-11
TRAJ19*01	F	Y	FGKG	-11
TRAJ2*01	F	Y	FGKG	-11
TRAJ20*01	F	Y	FGAG	-11
TRAJ21*01	F	Y	FGSG	-11
TRAJ22*01	F	Y	FGSG	-11
TRAJ23*01	F	Y	FSQG	-11
TRAJ24*01	F	Y	FGAG	-11
TRAJ25*01	L	Y	LGKG	-11
TRAJ26*01	F	Y	FGGG	-11
TRAJ27*01	F	Y	FGDG	-11
TRAJ28*01	F	Y	FGKG	-11
TRAJ29*01	F	Y	FGKG	-11
TRAJ3*01	F	Y	FGAG	-11
TRAJ30*01	F	Y	FGRG	-11
TRAJ31*01	F	Y	FGTG	-11
TRAJ32*01	F	N	FGTG	-12
TRAJ33*01	W	Y	WGSG	-11
TRAJ34*01	F	Y	FGAG	-11
TRAJ35*01	F	N	FGGV	-17
TRAJ36*01	F	Y	FGMR	-11
TRAJ37*01	F	Y	FGQG	-11
TRAJ38*01	W	Y	WGLG	-11
TRAJ39*01	F	Y	FGGG	-11
TRAJ4*01	F	Y	FGAG	-11
TRAJ40*01	F	Y	FGAG	-11
TRAJ41*01	F	Y	FGKL	-11
TRAJ42*01	F	Y	FGKG	-11
TRAJ43*01	F	Y	FGTG	-11
TRAJ44*01	F	Y	FGTG	-11
TRAJ45*01	F	Y	FGKG	-11
TRAJ46*01	F	Y	FGTG	-11
TRAJ47*01	F	Y	FGSG	-11
TRAJ48*01	F	Y	FGKG	-11
TRAJ49*01	F	Y	FGRG	-11
TRAJ5*01	F	Y	FGSG	-11
TRAJ50*01	F	Y	FGQG	-11
TRAJ52*01	F	Y	FGQG	-11
TRAJ53*01	F	Y	FGKG	-11
TRAJ54*01	F	Y	FGQG	-11
TRAJ55*01	L	0	LGER	-11
TRAJ56*01	I	0	IRKR	-11
TRAJ57*01	F	Y	FGKG	-11
TRAJ58*01	F	Y	FGKG	-11
TRAJ59*01	F	N	FTLG	-13
TRAJ6*01	F	Y	FGRG	-11
TRAJ60*01	F	Y	FGKG	-11
TRAJ61*01	F	Y	FGAK	-11
TRAJ7*01	F	Y	FGKG	-11
TRAJ8*01	F	Y	FGTG	-11
TRAJ9*01	F	Y	FGTG	-11
TRGJ1*01	F	Y	FGGG	-12
TRGJ2*01	F	Y	FGSG	-10
TRGJ3*01	F	Y	FGDG	-10
TRGJ3*02	F	Y	FGDG	-10
TRDJ1*01	F	Y	FRKG	-11
TRDJ2*01	F	Y	FGNG	-11
TRDJ3*01	F	Y	FGAG	-11
TRDJ4*01	F	Y	FGKG	-11
