C gene	Exons	Start motif	Stop codon motif
TRAC*01	EX1+EX2+EX3+EX4UTR	VKDPNPTVYQ	*GHRQPESPVL
TRAC*02	EX1+EX2+EX3+EX4UTR	VKDPNPTVYQ	*GHRQPESPVL
TRBC1*01	EX1+EX2+EX3+EX4	DLSRVHPPKV	
TRBC1*02	EX1+EX2+EX3+EX4	DLSQVHPPKV	
TRBC2*01	EX1+EX2+EX3+EX4	DLSRVHPPKV	
TRBC2*02	EX1+EX2+EX3+EX4	DLSRVHPPKV	
TRBC3*01	EX1+EX2+EX3+EX4	DLSRVHPPKV	
TRBC3*02	EX1+EX2+EX3+EX4	DLSRVHPPKV	
TRGC1*01_ABC	EX1+EX2A+EX2B+EX2C+EX3	EKPRGRHFPQ	*NQP**CWNIS
TRGC1*02_ABC	EX1+EX2A+EX2B+EX2C+EX3	EKPRGRHFPQ	*NQP**CWNIS
TRGC1*03_ABC	EX1+EX2A+EX2B+EX2C+EX3	EKPRGRHFPQ	*NQP**CWNIS
TRGC1*04_ABC	EX1+EX2A+EX2B+EX2C+EX3	RNLEADTSPK	
TRGC2*01_ABC	EX1+EX2A+EX2B+EX2C+EX3	EKPRGRHFPQ	*NKP**CWNIS
TRGC2*02_ABC	EX1+EX2A+EX2B+EX2C+EX3	EKPRGRHFPQ	*NKP**CWNIS
TRGC2*03_ABC	EX1+EX2A+EX2B+EX2C+EX3	EKPRGRHFPQ	*NQP**CWNIS
TRGC2*04_ABC	EX1+EX2A+EX2B+EX2C+EX3	EKPRGRHFPQ	*NQP**CWNIS
TRGC2*05_ABC	EX1+EX2A+EX2B+EX2C+EX3	RNLEADTSPK	
TRGC4*01_ABC	EX1+EX2A+EX2B+EX2C+EX3	*KPCYRHFTQ	*KPCYRHFTQA
TRGC4*02_ABC	EX1+EX2A+EX2B+EX2C+EX3	RNLATDISPK	
TRGC6*01_ABC	EX1+EX2A+EX2B+EX2C+EX3	KKLPADTSPK	
TRGC6*02_ABC	EX1+EX2A+EX2B+EX2C+EX3	*KTSCRYLPK	*KTSCRYLPKT
TRGC1*01_A	EX1+EX2A+EX3	EKPRGRHFPQ	*NQP**CWNIS
TRGC1*02_A	EX1+EX2A+EX3	EKPRGRHFPQ	*NQP**CWNIS
TRGC1*03_A	EX1+EX2A+EX3	EKPRGRHFPQ	*NQP**CWNIS
TRGC1*04_A	EX1+EX2A+EX3	RNLEADTSPK	
TRGC2*01_A	EX1+EX2A+EX3	EKPRGRHFPQ	*NKP**CWNIS
TRGC2*02_A	EX1+EX2A+EX3	EKPRGRHFPQ	*NKP**CWNIS
TRGC2*03_A	EX1+EX2A+EX3	EKPRGRHFPQ	*NQP**CWNIS
TRGC2*04_A	EX1+EX2A+EX3	EKPRGRHFPQ	*NQP**CWNIS
TRGC2*05_A	EX1+EX2A+EX3	RNLEADTSPK	
TRGC3*01_A	EX1+EX2A+EX3	*RP*YRHVPQ	*RP*YRHVPQA
TRGC4*01_A	EX1+EX2A+EX3	*KPCYRHFTQ	*KPCYRHFTQA
TRGC4*02_A	EX1+EX2A+EX3	RNLATDISPK	
TRGC5*01_A	EX1+EX2A+EX3	RRLDGDLFPK	
TRGC5*02_A	EX1+EX2A+EX3	MLLRYNGKKR	*NSAG*P*LKR
TRGC5*03_A	EX1+EX2A+EX3	*KA*WRLISQ	*KA*WRLISQA
TRGC6*01_A	EX1+EX2A+EX3	KKLPADTSPK	
TRGC6*02_A	EX1+EX2A+EX3	*KTSCRYLPK	*KTSCRYLPKT
TRDC*01	EX1+EX2+EX3+EX4UTR	SQPAASPSVF	*G*LA*EGCIP
