C gene	Exons	Start motif	Stop codon motif
TRAC*01	EX1+EX2+EX3+EX4UTR	IQNPDPAVYQ	*DLQDCKTACA
TRBC1*01	EX1+EX2+EX3+EX4	DLNKVFPPEV	
TRBC1*02	EX1+EX2+EX3+EX4	DLNKVFPPEV	
TRBC1*03	EX1+EX2+EX3+EX4	DLNKVFPPEV	
TRBC2*01	EX1+EX2+EX3+EX4	DLKNVFPPEV	
TRBC2*02	EX1+EX2+EX3+EX4	DLKNVFPPEV	
TRBC2*03	EX1+EX2+EX3+EX4	DLKNVFPPKV	
TRGC1*01	EX1+EX2+EX3	KQLDADVSPK	
TRGC1*03	EX1+EX2+EX3	KQLDADVSPK	
TRGC1*04	EX1+EX2+EX3	KQLDADVSPK	
TRGC1*05	EX1+EX2+EX3	KQLDADVSPK	
TRGC2*01	EX1+EX2+EX3	KQLDADVSPK	*YTTAAAHKHL
TRGC2*02	EX1+EX2+EX3	KQLDADVSPK	
TRGC2*03	EX1+EX2+EX3	KQLDADVSPK	
TRGC2*04	EX1+EX2+EX3	KQLDADVSPK	
TRGC2*05	EX1+EX2+EX3	KQLDADVSPK	
TRGC2*06	EX1+EX2+EX3	KQLDADVSPK	
TRGC2*07	EX1+EX2+EX3	KQLDADVSPK	
TRGC2*08	EX1+EX2+EX3	KQLDADVSPK	
TRGC2*01_T	EX1+EX2T+EX2+EX3	KQLDADVSPK	*CHHNGSQRQL
TRGC2*05_T	EX1+EX2T+EX2+EX3	KQLDADVSPK	
TRGC2*05_TR	EX1+EX2T+EX2R+EX2+EX3	KQLDADVSPK	
TRDC*01	EX1+EX2+EX3+EX4UTR	SQPHTKPSVF	*G*LA*GSYTP
IGLC1*01	CL	KANPTVTLFP
IGLC1*02	CL	QPKANPTVTL
IGLC2*01	CL	QPKAAPSVTL
IGLC2*02	CL	QPKAAPSVTL
IGLC3*01	CL	KAAPSVTLFP
IGLC3*02	CL	QPKAAPSVTL
IGLC3*03	CL	QPKAAPSVTL
IGLC3*04	CL	QPKAAPSVTL
IGLC6*01	CL	QPKAAPSVTL
IGLC7*01	CL	QPKAAPSVTL
IGLC7*02	CL	QPKAAPSVTL
IGHA1*01	CH1+H+CH2+CH3+CH-S	SPTSPKVFPL
IGHA1*01_M	CH1+H+CH2+CH3+M	SPTSPKVFPL
IGHA2*01	CH1+H+CH2+CH3+CH-S	SPTSPKVFPL
IGHA2*02	CH1+H+CH2+CH3+CH-S	SPTSPKVFPL
IGHA2*02_M	CH1+H+CH2+CH3+M	SPTSPKVFPL
IGHA2*03	CH1+H+CH2+CH3+CH-S	SPTSPKVFPL
IGHD*01	CH1+H1+H2+CH2+CH3+CH-S	PTKAPDVFPI
IGHD*01_M	CH1+H1+H2+CH2+CH3+M1+M2	PTKAPDVFPI
IGHD*02	CH1+H1+H2+CH2+CH3+CH-S	PTKAPDVFPI
IGHD*02_M	CH1+H1+H2+CH2+CH3+M1+M2	PTKAPDVFPI
IGHE*01	CH1+CH2+CH3+CH4+CH-S	STQSPSVFPL
IGHE*01_M	CH1+CH2+CH3+CH4+M1+M2	STQSPSVFPL
IGHE*02	CH1+CH2+CH3+CH4+CH-S	STQSPSVFPL
IGHE*04	CH1+CH2+CH3+CH4+CH-S	STQSPSVFPL
IGHE*04_M	CH1+CH2+CH3+CH4+M1+M2	STQSPSVFPL
IGHG1*01	CH1+H+CH2+CH3+CH-S	STKGPSVFPL
IGHG1*02	CH1+H+CH2+CH3+CH-S	STKGPSVFPL
IGHG1*03	CH1+H+CH2+CH3+CH-S	STKGPSVFPL
IGHG2*01	CH1+H+CH2+CH3+CH-S	STKGPSVFPL
IGHG2*01_M	CH1+H+CH2+CH3+M1+M2	STKGPSVFPL
IGHG2*02	CH1+H+CH2+CH3+CH-S	STKGPSVFPL
IGHG2*03	CH1+H+CH2+CH3+CH-S	STKGPSVFPL
IGHG2*04	CH1+H+CH2+CH3+CH-S	STKGPSVFPL
IGHG2*05	CH1+H+CH2+CH3+CH-S	STKGPSVFPL
IGHG2*06	CH1+H+CH2+CH3+CH-S	STKGPSVFPL
IGHG2*06_M	CH1+H+CH2+CH3+M1+M2	STKGPSVFPL
IGHG3*01	CH1+H1+H2+H3+H4+CH2+CH3+CH-S	STKGPSVFPL
IGHG3*01_M	CH1+H1+H2+H3+H4+CH2+CH3+M1+M2	STKGPSVFPL
IGHG3*03	CH1+H1+H3+H4+CH2+CH3+CH-S	STKGPSVFPL
IGHG3*03_M	CH1+H1+H3+H4+CH2+CH3+M1+M2	STKGPSVFPL
IGHG3*04	CH1+H1+H4+CH2+CH3+CH-S	STKGPSVFPL
IGHG3*05	CH1+H1+H2+H3+H4+CH2+CH3+CH-S	STKGPSVFPL
IGHG3*06	CH1+H1+H2+H3+H4+CH2+CH3+CH-S	STKGPSVFPL
IGHG3*07	CH1+H1+H2+H3+H4+CH2+CH3+CH-S	STKGPSVFPL
IGHG3*08	CH1+H1+H2+H3+H4+CH2+CH3+CH-S	STKGPSVFPL
IGHG3*09	CH1+H1+H2+H3+H4+CH2+CH3+CH-S	STKGPSVFPL
IGHG3*10	CH1+H1+H2+H3+H4+CH2+CH3+CH-S	STKGPSVFPL
IGHG3*11	CH1+H1+H2+H3+H4+CH2+CH3+CH-S	STKGPSVFPL
IGHG3*12	CH1+H1+H2+H4+CH2+CH3+CH-S	STKGPSVFPL
IGHG3*13	CH1+H1+H2+H3+H4+CH2+CH3+CH-S	STKGPSVFPL
IGHG3*14	CH1+H1+H2+H3+H4+CH2+CH3+CH-S	STKGPSVFPL
IGHG3*15	CH1+H1+H2+H3+H4+CH2+CH3+CH-S	STKGPSVFPL
IGHG3*16	CH1+H1+H2+H3+H4+CH2+CH3+CH-S	STKGPSVFPL
IGHG3*17	CH1+H1+H3+H4+CH2+CH3+CH-S	STKGPSVFPL
IGHG3*18	CH1+H1+H3+H4+CH2+CH3+CH-S	STKGPSVFPL
IGHG3*19	CH1+H1+H3+H4+CH2+CH3+CH-S	STKGPSVFPL
IGHG4*01	CH1+H+CH2+CH3+CH-S	STKGPSVFPL
IGHG4*02	H+CH2+CH3+CH-S	SKYGPPCPSC
IGHG4*03	CH2+CH3+CH-S	T*VPGGTISL	*VPGGTISLPV
IGHG4*04	CH1+H+CH2+CH3+CH-S	STKGPSVFPL
IGHG4*04_M	CH1+H+CH2+CH3+M1+M2	STKGPSVFPL
IGHM*01	CH1+CH2+CH3+CH4+CH-S	SASAPTLFPL
IGHM*01_M	CH1+CH2+CH3+CH4+M1+M2	SASAPTLFPL
IGHM*03	CH1+CH2+CH3+CH4+CH-S	SASAPTLFPL
IGHM*03_M	CH1+CH2+CH3+CH4+M1+M2	SASAPTLFPL
IGKC*01	CL	TVAAPSVFIF
IGKC*02	CL	TVAAPSVFIF
IGKC*03	CL	TVAAPSVFIF
IGKC*04	CL	TVAAPSVFIF
IGKC*05	CL	TVAAPSVFIF
