J gene	Residue	Confident?	Motif	Position
TRAJ1*01	F	Y	FGKG	-11
TRAJ10*01	F	Y	FGKG	-11
TRAJ10*02	F	Y	FGKG	-11
TRAJ11*01	F	Y	FGKG	-11
TRAJ12*01	F	Y	FGSG	-11
TRAJ13*01	F	Y	FGTG	-11
TRAJ14*01	F	Y	FASG	-11
TRAJ15*01	F	Y	FGKG	-11
TRAJ16*01	F	Y	FGSG	-11
TRAJ17*01	F	Y	FGEG	-11
TRAJ18*01	F	Y	FGRG	-11
TRAJ19*01	F	Y	FGKG	-11
TRAJ2*01	F	Y	FGKG	-11
TRAJ20*01	F	Y	FGSG	-11
TRAJ21*01	F	Y	FGSG	-11
TRAJ22*01	F	Y	FGSG	-11
TRAJ23*01	F	Y	FGQG	-11
TRAJ24*01	F	Y	FGAG	-11
TRAJ25*01	F	Y	FGKG	-11
TRAJ26*01	F	Y	FGGG	-11
TRAJ27*01	F	Y	FGDG	-11
TRAJ28*01	F	Y	FGKG	-11
TRAJ29*01	F	Y	FGKG	-11
TRAJ29D*01	F	Y	FGKG	-11
TRAJ29N*01	F	Y	FGKG	-11
TRAJ3*01	F	Y	FGAG	-11
TRAJ3*02	F	Y	FGAG	-11
TRAJ30*01	F	Y	FGRG	-11
TRAJ30D*01	Q	0	QKRG	-11
TRAJ31*01	F	Y	FGTG	-11
TRAJ31D*01	L	0	LWNW	-11
TRAJ31N*01	L	0	LWNW	-11
TRAJ32*01	F	Y	FGTG	-11
TRAJ32*02	F	Y	FGTG	-11
TRAJ32D*01	F	Y	FGTG	-11
TRAJ32N*01	F	Y	FGTG	-11
TRAJ33*01	W	Y	WGSG	-11
TRAJ33D*01	W	Y	WGSG	-11
TRAJ33N*01	W	Y	WGSG	-11
TRAJ34*01	F	Y	FGAG	-11
TRAJ34D*01	F	Y	FGAG	-11
TRAJ34N*01	L	0	LWGW	-11
TRAJ35*01	W	Y	WGSG	-11
TRAJ35*02	W	Y	WGSG	-11
TRAJ35D*01	W	Y	WGSG	-11
TRAJ35N*01	G	0	GVWH	-11
TRAJ36*01	F	Y	FGTG	-11
TRAJ36D*01	F	Y	FGTG	-11
TRAJ36N*01	S	0	SWDR	-11
TRAJ37*01	F	Y	FGQG	-11
TRAJ37*02	F	Y	FGQG	-11
TRAJ37D*01	F	Y	FGQG	-11
TRAJ37N*01	T	0	TLAG	-11
TRAJ38*01	W	Y	WGLG	-11
TRAJ38D*01	L	Y	LGTG	-11
TRAJ39*01	F	Y	FGGG	-11
TRAJ39D*01	I	0	IWRG	-11
TRAJ4*01	F	Y	FGPG	-11
TRAJ40*01	F	Y	FGAG	-11
TRAJ41*01	F	Y	FGQG	-11
TRAJ42*01	F	Y	FGKG	-11
TRAJ43*01	F	Y	FGAG	-11
TRAJ44*01	F	Y	FGTG	-11
TRAJ44D*01	F	Y	FGTG	-11
TRAJ45*01	F	Y	FGKG	-11
TRAJ46*01	F	Y	FGTG	-11
TRAJ47*01	F	Y	FGSG	-11
TRAJ48*01	F	Y	FGTG	-11
TRAJ49*01	F	Y	FGRG	-11
TRAJ5*01	F	Y	FGGG	-11
TRAJ5*02	F	Y	FGGG	-11
TRAJ50*01	F	Y	FGQG	-11
TRAJ52*01	F	Y	FGQG	-11
TRAJ53*01	F	Y	FGKG	-11
TRAJ54*01	F	Y	FGRG	-11
TRAJ56*01	F	Y	FGKG	-11
TRAJ57*01	F	Y	FGKG	-11
TRAJ58*01	F	Y	FGKG	-11
TRAJ59*01	F	Y	FGTG	-11
TRAJ6*01	L	Y	LGRG	-11
TRAJ60*01	F	Y	FGKG	-11
TRAJ61*01	F	Y	FGTK	-11
TRAJ7*01	F	Y	FGNG	-11
TRAJ8-1*01	F	Y	FGTG	-11
TRAJ8-2*01	F	Y	FGTG	-11
TRAJ9*01	F	Y	FGTG	-11
TRAJ9*02	F	Y	FGTG	-11
TRBJ1-1*01	F	Y	FGKG	-10
TRBJ1-2*01	F	Y	FGPG	-10
TRBJ1-3*01	R	0	RGEG	-10
TRBJ1-4*01	F	Y	FGNG	-10
TRBJ1-5*01	F	Y	FGHG	-10
TRBJ1-5*02	F	Y	FGHG	-10
TRBJ1-6*01	F	Y	FGIG	-10
TRBJ2-1*01	F	Y	FGPG	-10
TRBJ2-1*02	F	Y	FGPG	-10
TRBJ2-2*01	F	Y	FGAG	-10
TRBJ2-3*01	F	Y	FGGG	-10
TRBJ2-4*01	F	Y	FGPG	-10
TRBJ2-5*01	F	Y	FGPG	-10
TRBJ2-6*01	F	Y	FGAG	-10
TRBJ2-7*01	F	Y	FGPG	-10
TRBJ3-1*01	F	Y	FGPG	-10
TRBJ3-2*01	F	Y	FGAG	-10
TRBJ3-2*02	F	Y	FGAG	-10
TRBJ3-3*01	F	Y	FGAG	-10
TRBJ3-4*01	F	Y	FGPG	-10
TRBJ3-5*01	F	Y	FGAG	-10
TRBJ3-6*01	Y	0	YGAG	-10
TRBJ3-6*02	Y	0	YGAG	-10
TRDJ1*01	F	Y	FGKG	-11
TRDJ2*01	F	Y	FGNE	-11
TRDJ3*01	F	Y	FGAG	-11
TRDJ4*01	F	Y	FGKG	-11
