J gene	Residue	Confident?	Motif	Position
TRBJ1-1*01	F	Y	FGGG	-10
TRBJ1-2*01	F	Y	FGPG	-10
TRBJ1-3*01	F	Y	FGEG	-10
TRBJ1-4*01	L	0	LVQA	-10
TRBJ1-5*01	F	Y	FGSG	-10
TRBJ1-6*01	F	Y	FGDG	-10
TRBJ1-7*01	F	Y	FGLG	-10
TRBJ2-1*01	F	Y	FGPG	-10
TRBJ2-2*01	F	Y	FGDG	-10
TRBJ2-3*01	F	Y	FGPG	-10
TRBJ2-4*01	F	Y	FGPG	-10
TRBJ2-5*01	F	Y	FGAG	-10
TRBJ2-6*01	F	Y	FGPG	-10
TRBJ3-1*01	F	Y	FGPG	-10
TRBJ3-2*01	F	Y	FGDG	-10
TRBJ3-3*01	F	Y	FGEG	-10
TRBJ3-4*01	F	Y	FGPG	-10
TRBJ3-5*01	F	Y	FGPG	-10
TRBJ3-6*01	L	0	LWGW	-10
TRBJ3-7*01	F	Y	FGPG	-10
